api_clean,well_type
17733825H1,HORIZONTAL
17734631H1,HORIZONTAL
17731767,UNKNOWN
17734322H1,HORIZONTAL
17733610H1,HORIZONTAL
17730710,UNKNOWN
17730947,UNKNOWN
17731602,UNKNOWN
17730522,UNKNOWN
17731871H1,HORIZONTAL
17734611H1,HORIZONTAL
17734613H1,HORIZONTAL
17734612H1,HORIZONTAL
17734614H1,HORIZONTAL
17734202H1,HORIZONTAL
17734207H1,HORIZONTAL
17734315H1,HORIZONTAL
17734012H1,HORIZONTAL
17734222H1,HORIZONTAL
17731644,UNKNOWN
17700022,UNKNOWN
17732039,UNKNOWN
17731025,UNKNOWN
17734639H1,HORIZONTAL
17734640H1,HORIZONTAL
17734608H1,HORIZONTAL
17733900H1,HORIZONTAL
17734558H1,HORIZONTAL
17733283H1,HORIZONTAL
17732079H1,HORIZONTAL
17733689H1,HORIZONTAL
17733767H1,HORIZONTAL
17733766H1,HORIZONTAL
17733768H1,HORIZONTAL
17733982H1,HORIZONTAL
17734189H1,HORIZONTAL
17732377,UNKNOWN
17734187H1,HORIZONTAL
17734188H1,HORIZONTAL
17734232H1,HORIZONTAL
17734194H1,HORIZONTAL
17733043H1,HORIZONTAL
17734183H1,HORIZONTAL
17734184H1,HORIZONTAL
17734529H1,HORIZONTAL
17734120H1,HORIZONTAL
17733786H1,HORIZONTAL
12334345H1,HORIZONTAL
17734324H1,HORIZONTAL
17734325H1,HORIZONTAL
17734323H1,HORIZONTAL
17731919H1,HORIZONTAL
17731057,UNKNOWN
17734553H1,HORIZONTAL
17734554H1,HORIZONTAL
17734615H1,HORIZONTAL
17734556H1,HORIZONTAL
17734557H1,HORIZONTAL
17734062H1,HORIZONTAL
17731493,UNKNOWN
17731620,UNKNOWN
17733628,UNKNOWN
17731336,UNKNOWN
17732154H1,HORIZONTAL
17732025,UNKNOWN
17732638H1,HORIZONTAL
17734090H1,HORIZONTAL
17734459H1,HORIZONTAL
17733961H1,HORIZONTAL
17733977H1,HORIZONTAL
17734123H1,HORIZONTAL
17734206H1,HORIZONTAL
17734204H1,HORIZONTAL
28534086H1,HORIZONTAL
17733901H1,HORIZONTAL
12334662H1,HORIZONTAL
12334664H1,HORIZONTAL
12334373H1,HORIZONTAL
12334663H1,HORIZONTAL
17731617HW,HORIZONTAL
17731617H1,HORIZONTAL
17734223H1,HORIZONTAL
17733650H1,HORIZONTAL
17734292H1,HORIZONTAL
17734013H1,HORIZONTAL
17734014H1,HORIZONTAL
17734321H1,HORIZONTAL
17734316H1,HORIZONTAL
17732803H2,HORIZONTAL
17733156H1,HORIZONTAL
17732902H1,HORIZONTAL
17734009H1,HORIZONTAL
17733503H1,HORIZONTAL
17733785H1,HORIZONTAL
17733469H1,HORIZONTAL
12334778H1,HORIZONTAL
17734355H1,HORIZONTAL
17734356H1,HORIZONTAL
17734357H1,HORIZONTAL
17734006H1,HORIZONTAL
17734358H1,HORIZONTAL
17734405H1,HORIZONTAL
17734298H1,HORIZONTAL
17734007H1,HORIZONTAL
17734253H1,HORIZONTAL
12334351H1,HORIZONTAL
17733293H1,HORIZONTAL
17733902H1,HORIZONTAL
17733911H1,HORIZONTAL
17734028H1,HORIZONTAL
17734296H1,HORIZONTAL
17733630H1,HORIZONTAL
17734518H1,HORIZONTAL
17734294H1,HORIZONTAL
17734295H1,HORIZONTAL
17733806H1,HORIZONTAL
17733807H1,HORIZONTAL
17732418H1,HORIZONTAL
12334776H1,HORIZONTAL
12334777H1,HORIZONTAL
17731882H1,HORIZONTAL
17734365H1,HORIZONTAL
17733841,UNKNOWN
17733955H1,HORIZONTAL
17730888,UNKNOWN
17734020H1,HORIZONTAL
17734122H1,HORIZONTAL
17734019H1,HORIZONTAL
17734291H1,HORIZONTAL
17734572H1,HORIZONTAL
17734138H1,HORIZONTAL
17732461H1,HORIZONTAL
17733884H1,HORIZONTAL
17731961H1,HORIZONTAL
17734571H1,HORIZONTAL
17734217H1,HORIZONTAL
17734252H1,HORIZONTAL
17733815H1,HORIZONTAL
17731808H1,HORIZONTAL
17734231H1,HORIZONTAL
17734249H1,HORIZONTAL
17733926H1,HORIZONTAL
17734230H1,HORIZONTAL
17732676H1,HORIZONTAL
17733908H1,HORIZONTAL
17733943H1,HORIZONTAL
17733944H1,HORIZONTAL
17733942H1,HORIZONTAL
17733962H1,HORIZONTAL
17734011H1,HORIZONTAL
17732149H1,HORIZONTAL
17732122H1,HORIZONTAL
17733925H1,HORIZONTAL
17733365H1,HORIZONTAL
17733968H1,HORIZONTAL
17733922H1,HORIZONTAL
17733219H1,HORIZONTAL
17730676,UNKNOWN
17733927H1,HORIZONTAL
17734449H1,HORIZONTAL
17734559H1,HORIZONTAL
17734218H1,HORIZONTAL
12332785H1,HORIZONTAL
17732196H1,HORIZONTAL
17731143,UNKNOWN
17733975H1,HORIZONTAL
17733985H1,HORIZONTAL
12334353H1,HORIZONTAL
17734264H1,HORIZONTAL
12334567H1,HORIZONTAL
17734220H1,HORIZONTAL
17734282H1,HORIZONTAL
17734624H1,HORIZONTAL
17733632H1,HORIZONTAL
17734625H1,HORIZONTAL
17734626H1,HORIZONTAL
17734629H1,HORIZONTAL
17733634H1,HORIZONTAL
17733631H1,HORIZONTAL
17734627H1,HORIZONTAL
17733981H1,HORIZONTAL
17734597H1,HORIZONTAL
17734106H1,HORIZONTAL
17734609H1,HORIZONTAL
17734234H1,HORIZONTAL
17732880H1,HORIZONTAL
17732778H1,HORIZONTAL
17732738H1,HORIZONTAL
17734286H1,HORIZONTAL
17734139H1,HORIZONTAL
17734209H1,HORIZONTAL
17733950H1,HORIZONTAL
17733087H1,HORIZONTAL
17733875H1,HORIZONTAL
12334781H1,HORIZONTAL
17734211H1,HORIZONTAL
17733938H1,HORIZONTAL
17734235H1,HORIZONTAL
12334779H1,HORIZONTAL
12334780H1,HORIZONTAL
17734219H1,HORIZONTAL
17733468H1,HORIZONTAL
17733472HW,HORIZONTAL
17733061H1,HORIZONTAL
17733008H1,HORIZONTAL
17733303H1,HORIZONTAL
28533834H1,HORIZONTAL
17733062H1,HORIZONTAL
28533832H1,HORIZONTAL
17733058H1,HORIZONTAL
17730389,UNKNOWN
17730701,UNKNOWN
177,UNKNOWN
17730444,UNKNOWN
17730437,UNKNOWN
17731730,UNKNOWN
17730434,UNKNOWN
17730787,UNKNOWN
17731258,UNKNOWN
17730802,UNKNOWN
17732750,UNKNOWN
17731217,UNKNOWN
17730737,UNKNOWN
17731624,UNKNOWN
17731003,UNKNOWN
17730761,UNKNOWN
17730118,UNKNOWN
17730567,UNKNOWN
17732223H1,HORIZONTAL
17730963,UNKNOWN
17731481,UNKNOWN
17700113,UNKNOWN
17700114,UNKNOWN
17730452,UNKNOWN
17780090,UNKNOWN
17731306,UNKNOWN
17731453,UNKNOWN
17734617H1,HORIZONTAL
17731972,UNKNOWN
17731821H1,HORIZONTAL
17700098,UNKNOWN
17700104,UNKNOWN
17700100,UNKNOWN
17731740,UNKNOWN
17730476,UNKNOWN
17730912,UNKNOWN
17731695,UNKNOWN
17731918H1,HORIZONTAL
17730832,UNKNOWN
17731635,UNKNOWN
17730948,UNKNOWN
17730803,UNKNOWN
17732023,UNKNOWN
17733398,UNKNOWN
17730775,UNKNOWN
17732014,UNKNOWN
17732008,UNKNOWN
17731781H1,HORIZONTAL
17732052,UNKNOWN
17731609,UNKNOWN
17731608,UNKNOWN
17731053,UNKNOWN
17731538,UNKNOWN
17731512,UNKNOWN
17731509,UNKNOWN
17700589,UNKNOWN
17731971,UNKNOWN
17731727,UNKNOWN
17731679,UNKNOWN
17731721,UNKNOWN
17731647,UNKNOWN
17780094,UNKNOWN
17730995,UNKNOWN
17731855,UNKNOWN
17732084,UNKNOWN
17730480,UNKNOWN
17730767,UNKNOWN
17731542,UNKNOWN
187,UNKNOWN
17733467HW,HORIZONTAL
17730004,UNKNOWN
17731681,UNKNOWN
17731031,UNKNOWN
17731039,UNKNOWN
17731732,UNKNOWN
17731728,UNKNOWN
17731627,UNKNOWN
17731601,UNKNOWN
17732001,UNKNOWN
17732268H1,HORIZONTAL
17732768H1,HORIZONTAL
17732602H1,HORIZONTAL
17733296H1,HORIZONTAL
17730460,UNKNOWN
17730455,UNKNOWN
17731696,UNKNOWN
17731629,UNKNOWN
17733240H1,HORIZONTAL
17733373H1,HORIZONTAL
17732073,UNKNOWN
17700017,UNKNOWN
17730758,UNKNOWN
17733291H1,HORIZONTAL
17730172,UNKNOWN
17733171H1,HORIZONTAL
17732056,UNKNOWN
17733173H1,HORIZONTAL
17732275H1,HORIZONTAL
17731304,UNKNOWN
17731744,UNKNOWN
17732814H1,HORIZONTAL
17733179H1,HORIZONTAL
17731706,UNKNOWN
17730914,UNKNOWN
17731603,UNKNOWN
17731614,UNKNOWN
17731743,UNKNOWN
17732000,UNKNOWN
17731508,UNKNOWN
17732782H1,HORIZONTAL
17730592,UNKNOWN
17733349H1,HORIZONTAL
17730763,UNKNOWN
17731037,UNKNOWN
17732479H1,HORIZONTAL
17732492H1,HORIZONTAL
17732434H1,HORIZONTAL
17733348H1,HORIZONTAL
17730569,UNKNOWN
17732016,UNKNOWN
17733320H1,HORIZONTAL
17733217H1,HORIZONTAL
17732057,UNKNOWN
17733033H1,HORIZONTAL
17732689H1,HORIZONTAL
17733060H1,HORIZONTAL
17732470H1,HORIZONTAL
17731242,UNKNOWN
17730781,UNKNOWN
17731428,UNKNOWN
17730727,UNKNOWN
17733054,UNKNOWN
17732166H1,HORIZONTAL
17732322H1,HORIZONTAL
17733720H1,HORIZONTAL
17732190H1,HORIZONTAL
17733719H1,HORIZONTAL
17733718H1,HORIZONTAL
17733717H1,HORIZONTAL
17733656H1,HORIZONTAL
17733095H1,HORIZONTAL
17733609H1,HORIZONTAL
17733611H1,HORIZONTAL
17732859H1,HORIZONTAL
17732850H1,HORIZONTAL
17732050,UNKNOWN
17732403H1,HORIZONTAL
17730696,UNKNOWN
17732257H1,HORIZONTAL
17733517H1,HORIZONTAL
17732219H1,HORIZONTAL
17733518H1,HORIZONTAL
17732188H1,HORIZONTAL
17732797H1,HORIZONTAL
17733519H1,HORIZONTAL
17732083H1,HORIZONTAL
17732157H1,HORIZONTAL
17732105H1,HORIZONTAL
17732085H1,HORIZONTAL
17732959H1,HORIZONTAL
17733228H1,HORIZONTAL
17730830,UNKNOWN
17731795HW,HORIZONTAL
17732699H1,HORIZONTAL
17731809H1,HORIZONTAL
17730537,UNKNOWN
17733264H1,HORIZONTAL
17733258H1,HORIZONTAL
17733325H1,HORIZONTAL
17731909H1,HORIZONTAL
17731873H1,HORIZONTAL
17733035H1,HORIZONTAL
17732808H1,HORIZONTAL
17733059H1,HORIZONTAL
17731454,UNKNOWN
17730171,UNKNOWN
17730211,UNKNOWN
17731922H1,HORIZONTAL
17731967,UNKNOWN
17731755,UNKNOWN
17731938,UNKNOWN
17732580H1,HORIZONTAL
17732191H1,HORIZONTAL
17733430H1,HORIZONTAL
17733075H1,HORIZONTAL
17732858H1,HORIZONTAL
17732172H1,HORIZONTAL
12332461H1,HORIZONTAL
17700297,UNKNOWN
17732358H1,HORIZONTAL
17733253H1,HORIZONTAL
17732347H1,HORIZONTAL
17732251H1,HORIZONTAL
17732949H1,HORIZONTAL
17733409H1,HORIZONTAL
17733266H1,HORIZONTAL
17732989H1,HORIZONTAL
17732096H1,HORIZONTAL
17732263H1,HORIZONTAL
17733410H1,HORIZONTAL
17732411H1,HORIZONTAL
17732494H1,HORIZONTAL
17732449H1,HORIZONTAL
17733052H1,HORIZONTAL
17731002,UNKNOWN
17730990,UNKNOWN
17730890,UNKNOWN
17731303,UNKNOWN
17730849,UNKNOWN
17731346,UNKNOWN
17733698H1,HORIZONTAL
17731815H1,HORIZONTAL
17731444,UNKNOWN
17731408,UNKNOWN
17732236H1,HORIZONTAL
12332667H1,HORIZONTAL
17732248H1,HORIZONTAL
17733294H1,HORIZONTAL
17733284H1,HORIZONTAL
17732936H1,HORIZONTAL
17733640H1,HORIZONTAL
17733639H1,HORIZONTAL
17732741H1,HORIZONTAL
17732250H1,HORIZONTAL
17732093H1,HORIZONTAL
17730790,UNKNOWN
17732109H1,HORIZONTAL
17732138H1,HORIZONTAL
17732090H1,HORIZONTAL
17732320H1,HORIZONTAL
17732345H1,HORIZONTAL
17732103H1,HORIZONTAL
17733135H1,HORIZONTAL
17733063H1,HORIZONTAL
17730966,UNKNOWN
17731233,UNKNOWN
17731807H1,HORIZONTAL
17731916H1,HORIZONTAL
17730671,UNKNOWN
17731969H1,HORIZONTAL
17731158,UNKNOWN
17731989H1,HORIZONTAL
17731139,UNKNOWN
17731370,UNKNOWN
17731415,UNKNOWN
17730587,UNKNOWN
17730593,UNKNOWN
17731010,UNKNOWN
17732373H1,HORIZONTAL
17732233H1,HORIZONTAL
12332850H1,HORIZONTAL
12333216H1,HORIZONTAL
17732372H1,HORIZONTAL
12333198H1,HORIZONTAL
17732356H1,HORIZONTAL
17732466H1,HORIZONTAL
12333376H1,HORIZONTAL
17732960H1,HORIZONTAL
17733226H1,HORIZONTAL
17732110H1,HORIZONTAL
17732092H1,HORIZONTAL
17733408H1,HORIZONTAL
17733407H1,HORIZONTAL
17732733H1,HORIZONTAL
17732888H1,HORIZONTAL
17732139H1,HORIZONTAL
17732889H1,HORIZONTAL
17732833H1,HORIZONTAL
17732865H1,HORIZONTAL
17732957H1,HORIZONTAL
17731585DW,DIRECTIONAL
17733499H1,HORIZONTAL
17731917H1,HORIZONTAL
17733725,UNKNOWN
17733221H1,HORIZONTAL
17731869H1,HORIZONTAL
17732938H1,HORIZONTAL
17731920H1,HORIZONTAL
17731462,UNKNOWN
17731547D1,DIRECTIONAL
17733524H1,HORIZONTAL
17733523H1,HORIZONTAL
17733557H1,HORIZONTAL
17733690H1,HORIZONTAL
17732566H1,HORIZONTAL
17732313H1,HORIZONTAL
17733138H1,HORIZONTAL
17733139H1,HORIZONTAL
17733142H1,HORIZONTAL
17732121H1,HORIZONTAL
17700523,UNKNOWN
17732245H1,HORIZONTAL
17732540H1,HORIZONTAL
17732123H1,HORIZONTAL
17732156H1,HORIZONTAL
17732732H1,HORIZONTAL
17732115H1,HORIZONTAL
17730519,UNKNOWN
17732710H1,HORIZONTAL
17732990H1,HORIZONTAL
17732531H1,HORIZONTAL
17733073H1,HORIZONTAL
17730493,UNKNOWN
17732326H1,HORIZONTAL
17733396H1,HORIZONTAL
17733703H1,HORIZONTAL
12333287H1,HORIZONTAL
12333288H1,HORIZONTAL
17733600H1,HORIZONTAL
17732124H1,HORIZONTAL
17732533H1,HORIZONTAL
17732595H1,HORIZONTAL
17732176H1,HORIZONTAL
17732547H1,HORIZONTAL
17732160H1,HORIZONTAL
17732725H1,HORIZONTAL
17730588,UNKNOWN
17732140H1,HORIZONTAL
17700524,UNKNOWN
17732239H1,HORIZONTAL
17732872H1,HORIZONTAL
17732030H1,HORIZONTAL
17732539H1,HORIZONTAL
17733394H1,HORIZONTAL
17732321H1,HORIZONTAL
17731825H1,HORIZONTAL
17732410HW,HORIZONTAL
17732701H1,HORIZONTAL
17731527,UNKNOWN
17730921,UNKNOWN
17730708,UNKNOWN
17731260,UNKNOWN
17730408,UNKNOWN
17732189HW,HORIZONTAL
17731361,UNKNOWN
17730226,UNKNOWN
17732776H1,HORIZONTAL
17731075,UNKNOWN
17733442H1,HORIZONTAL
17732475H1,HORIZONTAL
17732462H1,HORIZONTAL
17732474H1,HORIZONTAL
17732256H1,HORIZONTAL
17732118H1,HORIZONTAL
12332969H1,HORIZONTAL
17732130H1,HORIZONTAL
17732846H1,HORIZONTAL
17732365H1,HORIZONTAL
12333042H1,HORIZONTAL
17732852H1,HORIZONTAL
17732255H1,HORIZONTAL
17732359H1,HORIZONTAL
17732722H1,HORIZONTAL
17732254H1,HORIZONTAL
17732412H1,HORIZONTAL
17730409,UNKNOWN
17730170,UNKNOWN
17730229,UNKNOWN
17732770H1,HORIZONTAL
17733405H1,HORIZONTAL
17731794H1,HORIZONTAL
17731829H1,HORIZONTAL
17733250H1,HORIZONTAL
17733428H1,HORIZONTAL
17733195H1,HORIZONTAL
17731265,UNKNOWN
17731393,UNKNOWN
17730462,UNKNOWN
17731436,UNKNOWN
17731404,UNKNOWN
17732455H1,HORIZONTAL
17732332H1,HORIZONTAL
17732371H1,HORIZONTAL
12333038H1,HORIZONTAL
17732721H1,HORIZONTAL
17732159H1,HORIZONTAL
17732845H1,HORIZONTAL
12333990H1,HORIZONTAL
17732413H1,HORIZONTAL
17733055H1,HORIZONTAL
17733267H1,HORIZONTAL
17732141H1,HORIZONTAL
17733271H1,HORIZONTAL
17733189H1,HORIZONTAL
17732941H1,HORIZONTAL
17730193,UNKNOWN
17732940H1,HORIZONTAL
17731813H1,HORIZONTAL
17731783H1,HORIZONTAL
17733126H1,HORIZONTAL
17732207H1,HORIZONTAL
17730716,UNKNOWN
17730442,UNKNOWN
17732980H1,HORIZONTAL
17733372H1,HORIZONTAL
17733030,UNKNOWN
17732207HW,HORIZONTAL
17732695H1,HORIZONTAL
17732601H1,HORIZONTAL
17733459H1,HORIZONTAL
17732152H1,HORIZONTAL
17733161H1,HORIZONTAL
17733088H1,HORIZONTAL
17732878H1,HORIZONTAL
17732876H1,HORIZONTAL
17732875H1,HORIZONTAL
17733042H1,HORIZONTAL
17732571H1,HORIZONTAL
17732769H1,HORIZONTAL
17731748D1,DIRECTIONAL
17732185HW,HORIZONTAL
17733152H1,HORIZONTAL
17732212H1,HORIZONTAL
17733146H1,HORIZONTAL
17730397,UNKNOWN
17733355H1,HORIZONTAL
17732677H1,HORIZONTAL
17730210,UNKNOWN
17732289,UNKNOWN
17731805H1,HORIZONTAL
17730749,UNKNOWN
17732879H1,HORIZONTAL
17730810,UNKNOWN
17732877H1,HORIZONTAL
17732142H1,HORIZONTAL
17733193H1,HORIZONTAL
17732584H1,HORIZONTAL
17732585H1,HORIZONTAL
17732136H1,HORIZONTAL
17732339H1,HORIZONTAL
17732097H1,HORIZONTAL
17733574H1,HORIZONTAL
12334041H1,HORIZONTAL
17733573H1,HORIZONTAL
17732428H1,HORIZONTAL
17732429H1,HORIZONTAL
17733235,UNKNOWN
17732269HW,HORIZONTAL
17732206HW,HORIZONTAL
17731160,UNKNOWN
17732203HW,HORIZONTAL
17732307,UNKNOWN
17731305,UNKNOWN
17730411,UNKNOWN
17730741,UNKNOWN
17731146,UNKNOWN
17730168,UNKNOWN
17730738,UNKNOWN
17733449H1,HORIZONTAL
17730516,UNKNOWN
17730505H1,HORIZONTAL
17733319H1,HORIZONTAL
17732309H1,HORIZONTAL
17733448H1,HORIZONTAL
17730498HW,HORIZONTAL
17733588H1,HORIZONTAL
17733586H1,HORIZONTAL
17732385H1,HORIZONTAL
17732383H1,HORIZONTAL
17730498H2,HORIZONTAL
17733444H1,HORIZONTAL
17732427H1,HORIZONTAL
12332353H1,HORIZONTAL
17732421H1,HORIZONTAL
17732431H1,HORIZONTAL
17732430H1,HORIZONTAL
17732881H1,HORIZONTAL
17730164,UNKNOWN
17730823,UNKNOWN
17732591H1,HORIZONTAL
17731181,UNKNOWN
17733380H1,HORIZONTAL
17733391H1,HORIZONTAL
17730705,UNKNOWN
17733128H1,HORIZONTAL
17731311,UNKNOWN
17731148,UNKNOWN
17730839,UNKNOWN
17733068H1,HORIZONTAL
17730386,UNKNOWN
17731374,UNKNOWN
17732384H1,HORIZONTAL
17732380H1,HORIZONTAL
17733445H1,HORIZONTAL
17732707H1,HORIZONTAL
17732469H1,HORIZONTAL
17732964H1,HORIZONTAL
17731979H2,HORIZONTAL
17732382H1,HORIZONTAL
17732956H1,HORIZONTAL
17732381H1,HORIZONTAL
17730889,UNKNOWN
17731893H2,HORIZONTAL
17732282H1,HORIZONTAL
17730750H1,HORIZONTAL
17732445H1,HORIZONTAL
17730780,UNKNOWN
17732754H1,HORIZONTAL
17732562H1,HORIZONTAL
17733558H1,HORIZONTAL
17733525H1,HORIZONTAL
17733476H1,HORIZONTAL
17733475H1,HORIZONTAL
17732926H1,HORIZONTAL
17731845H1,HORIZONTAL
17731023,UNKNOWN
17730667,UNKNOWN
17730765,UNKNOWN
17730467,UNKNOWN
17730649,UNKNOWN
17730997,UNKNOWN
17733434H1,HORIZONTAL
17731365,UNKNOWN
17732438H1,HORIZONTAL
17730750H2,HORIZONTAL
17731261,UNKNOWN
17730750HW,HORIZONTAL
17732444H1,HORIZONTAL
17732487H1,HORIZONTAL
17731776H1,HORIZONTAL
17731798HW,HORIZONTAL
17732301H1,HORIZONTAL
17732482H1,HORIZONTAL
17731858H1,HORIZONTAL
17733677H1,HORIZONTAL
17732515H1,HORIZONTAL
17732484H1,HORIZONTAL
17730396,UNKNOWN
17732971H1,HORIZONTAL
17733527H1,HORIZONTAL
17733528H1,HORIZONTAL
17732836H1,HORIZONTAL
17732837H1,HORIZONTAL
17733470H1,HORIZONTAL
17733160H1,HORIZONTAL
17733162H1,HORIZONTAL
17732867H1,HORIZONTAL
17733120H1,HORIZONTAL
17730689,UNKNOWN
17730583,UNKNOWN
17730549,UNKNOWN
17730915,UNKNOWN
17732186HW,HORIZONTAL
17730557,UNKNOWN
17732270HW,HORIZONTAL
17731569,UNKNOWN
17732615H1,HORIZONTAL
17731050,UNKNOWN
17733347H1,HORIZONTAL
17732195HW,HORIZONTAL
17732270H1,HORIZONTAL
17732187H1,HORIZONTAL
17732006,UNKNOWN
17733532H1,HORIZONTAL
17732053,UNKNOWN
12332887H1,HORIZONTAL
17732517H1,HORIZONTAL
17732119H1,HORIZONTAL
17733612H1,HORIZONTAL
17732485H1,HORIZONTAL
17730540,UNKNOWN
17733614H1,HORIZONTAL
17731817H1,HORIZONTAL
17732656H1,HORIZONTAL
17733613H1,HORIZONTAL
17732486H1,HORIZONTAL
17732975H1,HORIZONTAL
17732388H1,HORIZONTAL
17730717,UNKNOWN
17731880H1,HORIZONTAL
17732541H1,HORIZONTAL
17732225H1,HORIZONTAL
17730536,UNKNOWN
17731017,UNKNOWN
17733487H1,HORIZONTAL
17730520,UNKNOWN
17730436,UNKNOWN
17730185,UNKNOWN
17730606,UNKNOWN
17731015,UNKNOWN
17730487,UNKNOWN
17730447,UNKNOWN
17732992H1,HORIZONTAL
17732186H1,HORIZONTAL
17730449,UNKNOWN
17732742,UNKNOWN
17732041,UNKNOWN
17733183H1,HORIZONTAL
17732169H1,HORIZONTAL
17731929,UNKNOWN
17733074H1,HORIZONTAL
17732237HW,HORIZONTAL
17732187HW,HORIZONTAL
17730879,UNKNOWN
17730627,UNKNOWN
17731302,UNKNOWN
17731927H1,HORIZONTAL
17730970,UNKNOWN
17732015HW,HORIZONTAL
17730626,UNKNOWN
17733306H1,HORIZONTAL
17732107H1,HORIZONTAL
17732504H1,HORIZONTAL
17732511H1,HORIZONTAL
12333523H1,HORIZONTAL
17732642H1,HORIZONTAL
17733009H1,HORIZONTAL
17732402H1,HORIZONTAL
17732488H1,HORIZONTAL
17732443H1,HORIZONTAL
17732374H1,HORIZONTAL
17732970H1,HORIZONTAL
17732310H1,HORIZONTAL
17731597,UNKNOWN
17731827H1,HORIZONTAL
17730573,UNKNOWN
17731890H1,HORIZONTAL
17732227H1,HORIZONTAL
17732361H1,HORIZONTAL
17732353H1,HORIZONTAL
17731939H1,HORIZONTAL
17732973H1,HORIZONTAL
17732974H1,HORIZONTAL
17732897H1,HORIZONTAL
17732664,UNKNOWN
17732175H1,HORIZONTAL
17730431,UNKNOWN
17731018,UNKNOWN
17730527,UNKNOWN
17730907H1,HORIZONTAL
17733113H1,HORIZONTAL
17733076H1,HORIZONTAL
17730561,UNKNOWN
17733077H1,HORIZONTAL
17733078H1,HORIZONTAL
17733443H1,HORIZONTAL
17733079H1,HORIZONTAL
17731216,UNKNOWN
17732164HW,HORIZONTAL
17733384H1,HORIZONTAL
17730566,UNKNOWN
17731786H1,HORIZONTAL
17733327H1,HORIZONTAL
17731844H1,HORIZONTAL
17730822,UNKNOWN
17730508,UNKNOWN
17732237H1,HORIZONTAL
17730861,UNKNOWN
17732624H1,HORIZONTAL
17733652H1,HORIZONTAL
17732433H1,HORIZONTAL
17733316H1,HORIZONTAL
17733637H1,HORIZONTAL
17732238H1,HORIZONTAL
17733106H1,HORIZONTAL
17732611H1,HORIZONTAL
17732694H1,HORIZONTAL
17733547H1,HORIZONTAL
17733057H1,HORIZONTAL
17732193H1,HORIZONTAL
17732546H1,HORIZONTAL
17732823H1,HORIZONTAL
17731900H1,HORIZONTAL
17732534H1,HORIZONTAL
17732464H1,HORIZONTAL
17732932H1,HORIZONTAL
17732460H1,HORIZONTAL
17732351H1,HORIZONTAL
17732954H1,HORIZONTAL
17732192H1,HORIZONTAL
17732158H1,HORIZONTAL
17732849H1,HORIZONTAL
17732099H1,HORIZONTAL
17732790H1,HORIZONTAL
17732220H1,HORIZONTAL
17730630HW,HORIZONTAL
17731162,UNKNOWN
17730655,UNKNOWN
17730521,UNKNOWN
17731142,UNKNOWN
17730647,UNKNOWN
17730847,UNKNOWN
17731178,UNKNOWN
17733050H1,HORIZONTAL
17730551,UNKNOWN
17731915H1,HORIZONTAL
17731724,UNKNOWN
17730657,UNKNOWN
17700334,UNKNOWN
17731410,UNKNOWN
17731683,UNKNOWN
17731736,UNKNOWN
17731982H1,HORIZONTAL
17732577H1,HORIZONTAL
17734636H1,HORIZONTAL
17734638H1,HORIZONTAL
17730400,UNKNOWN
17733739HW,HORIZONTAL
17731099,UNKNOWN
17731130,UNKNOWN
17731254H2,HORIZONTAL
17731272,UNKNOWN
17731513,UNKNOWN
17731414,UNKNOWN
17731548,UNKNOWN
17731595,UNKNOWN
17731004,UNKNOWN
17731240,UNKNOWN
17731168,UNKNOWN
17731144,UNKNOWN
17700652,UNKNOWN
17700538,UNKNOWN
17700537,UNKNOWN
17731525,UNKNOWN
17700351,UNKNOWN
17731668,UNKNOWN
17731564,UNKNOWN
17730859,UNKNOWN
17732632H1,HORIZONTAL
17733555H1,HORIZONTAL
17733556H1,HORIZONTAL
17733492H1,HORIZONTAL
17733176H1,HORIZONTAL
17733658H1,HORIZONTAL
17730539,UNKNOWN
17731553D1,DIRECTIONAL
17731955H1,HORIZONTAL
17731662,UNKNOWN
17730860,UNKNOWN
17730481,UNKNOWN
17731697,UNKNOWN
17730603,UNKNOWN
17731308,UNKNOWN
17731435,UNKNOWN
17731249,UNKNOWN
17731104,UNKNOWN
17731376,UNKNOWN
17732181H1,HORIZONTAL
17730707,UNKNOWN
17730714,UNKNOWN
17730724,UNKNOWN
17731975H1,HORIZONTAL
17732273H1,HORIZONTAL
17733005H1,HORIZONTAL
17732596H1,HORIZONTAL
17733660H1,HORIZONTAL
17733659H1,HORIZONTAL
17732827H1,HORIZONTAL
17732906H1,HORIZONTAL
17732416H1,HORIZONTAL
17732522H1,HORIZONTAL
17732555H1,HORIZONTAL
17731793H1,HORIZONTAL
17731539,UNKNOWN
17731523,UNKNOWN
17731247,UNKNOWN
17731198,UNKNOWN
17732120H2,HORIZONTAL
17730429,UNKNOWN
17731429,UNKNOWN
177H1,HORIZONTAL
17731083,UNKNOWN
17731759H2,HORIZONTAL
17732589H1,HORIZONTAL
17732692H1,HORIZONTAL
17732901H1,HORIZONTAL
17732910H1,HORIZONTAL
17733297H1,HORIZONTAL
17733564H1,HORIZONTAL
17730524,UNKNOWN
17730542,UNKNOWN
17732459,UNKNOWN
17780057,UNKNOWN
17731694,UNKNOWN
17730506,UNKNOWN
17731714,UNKNOWN
17731430,UNKNOWN
17730430,UNKNOWN
17732697,UNKNOWN
17730231,UNKNOWN
17732334HW,HORIZONTAL
17730181,UNKNOWN
17730202,UNKNOWN
17732458H1,HORIZONTAL
17731565,UNKNOWN
17731615,UNKNOWN
17731638,UNKNOWN
17733676H1,HORIZONTAL
17732295H1,HORIZONTAL
17730194,UNKNOWN
17732839H1,HORIZONTAL
17733329H1,HORIZONTAL
17730591,UNKNOWN
17730488,UNKNOWN
17730616,UNKNOWN
17730582,UNKNOWN
17732184HW,HORIZONTAL
17731773H1,HORIZONTAL
17731321,UNKNOWN
17730619,UNKNOWN
17731997,UNKNOWN
17731590,UNKNOWN
17731692,UNKNOWN
17731667,UNKNOWN
12334153H1,HORIZONTAL
17730610,UNKNOWN
17731234,UNKNOWN
17731532,UNKNOWN
17730638,UNKNOWN
17730515,UNKNOWN
17732173H1,HORIZONTAL
17731726,UNKNOWN
17732408H1,HORIZONTAL
17731947H1,HORIZONTAL
17731610,UNKNOWN
17730575,UNKNOWN
17731698,UNKNOWN
17730818,UNKNOWN
17732554H1,HORIZONTAL
17732061,UNKNOWN
17732259H1,HORIZONTAL
17731001,UNKNOWN
17732587H1,HORIZONTAL
17732521H1,HORIZONTAL
17730778,UNKNOWN
17732304H1,HORIZONTAL
17732292H1,HORIZONTAL
17732173HW,HORIZONTAL
17730163,UNKNOWN
17731518,UNKNOWN
17731345,UNKNOWN
17731208,UNKNOWN
17731977H2,HORIZONTAL
17731711,UNKNOWN
17731652,UNKNOWN
17732281HW,HORIZONTAL
17732145H1,HORIZONTAL
17732687H1,HORIZONTAL
17732303H1,HORIZONTAL
17732718H1,HORIZONTAL
17732698H1,HORIZONTAL
17732760H1,HORIZONTAL
17732729H1,HORIZONTAL
17732804H1,HORIZONTAL
17733002H1,HORIZONTAL
17731032,UNKNOWN
17730694,UNKNOWN
17733624H1,HORIZONTAL
17730227,UNKNOWN
17731763H1,HORIZONTAL
17731704,UNKNOWN
17732038H2,HORIZONTAL
17730394,UNKNOWN
17730385,UNKNOWN
17730791,UNKNOWN
17731762HW,HORIZONTAL
17731708,UNKNOWN
17731762H1,HORIZONTAL
17731762H3,HORIZONTAL
17733132H1,HORIZONTAL
17733124H1,HORIZONTAL
17732378,UNKNOWN
17732779H1,HORIZONTAL
17733623H1,HORIZONTAL
17731033,UNKNOWN
17733622H1,HORIZONTAL
17732271H1,HORIZONTAL
17732506H1,HORIZONTAL
17732497H1,HORIZONTAL
17731946H1,HORIZONTAL
17733626H1,HORIZONTAL
17732183H1,HORIZONTAL
17732279H1,HORIZONTAL
17732165H1,HORIZONTAL
17732945H1,HORIZONTAL
17732386H1,HORIZONTAL
17733340H1,HORIZONTAL
17733133H1,HORIZONTAL
17700270,UNKNOWN
17731762H4,HORIZONTAL
17732038H1,HORIZONTAL
17731746HW,HORIZONTAL
17733125H1,HORIZONTAL
17730544,UNKNOWN
17733451H1,HORIZONTAL
17733454H1,HORIZONTAL
17731746H1,HORIZONTAL
17730782,UNKNOWN
17730743,UNKNOWN
17733342H1,HORIZONTAL
17733343H1,HORIZONTAL
17733351H1,HORIZONTAL
17732467H1,HORIZONTAL
17731778H1,HORIZONTAL
17732293H1,HORIZONTAL
17732995H1,HORIZONTAL
17732568H1,HORIZONTAL
17732507H1,HORIZONTAL
17732398H1,HORIZONTAL
17730740,UNKNOWN
17732791HW,HORIZONTAL
17732627H1,HORIZONTAL
17731528,UNKNOWN
17731472,UNKNOWN
17731949H1,HORIZONTAL
17731102,UNKNOWN
17731107,UNKNOWN
17730631,UNKNOWN
17732457H1,HORIZONTAL
17732783H1,HORIZONTAL
17732922H1,HORIZONTAL
17732678H1,HORIZONTAL
17733093H1,HORIZONTAL
17732728H1,HORIZONTAL
17733092H1,HORIZONTAL
17733651H1,HORIZONTAL
17732946H1,HORIZONTAL
17732829H1,HORIZONTAL
17732835H1,HORIZONTAL
17730744,UNKNOWN
17732480H1,HORIZONTAL
17732923H1,HORIZONTAL
17732963H1,HORIZONTAL
17731752,UNKNOWN
17731036,UNKNOWN
17730850HW,HORIZONTAL
17730961,UNKNOWN
17731339,UNKNOWN
17731338,UNKNOWN
17730662,UNKNOWN
17732230H1,HORIZONTAL
17731255,UNKNOWN
17731384,UNKNOWN
17732951H1,HORIZONTAL
17731604,UNKNOWN
17731478,UNKNOWN
17732518H1,HORIZONTAL
17732510H1,HORIZONTAL
17732921H1,HORIZONTAL
17732376H1,HORIZONTAL
17732904H1,HORIZONTAL
17732513H1,HORIZONTAL
17731964H1,HORIZONTAL
17732803H3,HORIZONTAL
17732803H1,HORIZONTAL
17730728,UNKNOWN
17732456H1,HORIZONTAL
17732948H1,HORIZONTAL
17732394H1,HORIZONTAL
17731110,UNKNOWN
17730812,UNKNOWN
17733453H1,HORIZONTAL
17732204H1,HORIZONTAL
17731720,UNKNOWN
17733359H1,HORIZONTAL
17730953,UNKNOWN
17730454,UNKNOWN
17731022,UNKNOWN
17731369,UNKNOWN
17732204HW,HORIZONTAL
17730826,UNKNOWN
17730182,UNKNOWN
17731782H1,HORIZONTAL
17732997H1,HORIZONTAL
17731440,UNKNOWN
17731479,UNKNOWN
17733452H1,HORIZONTAL
17732891H1,HORIZONTAL
17730660,UNKNOWN
17733357H1,HORIZONTAL
17732886H1,HORIZONTAL
17733356H1,HORIZONTAL
17733417H1,HORIZONTAL
17733415H1,HORIZONTAL
17732969H1,HORIZONTAL
17733375H1,HORIZONTAL
17732426,UNKNOWN
17733377H1,HORIZONTAL
17730500,UNKNOWN
17733378H1,HORIZONTAL
17731717,UNKNOWN
17731206,UNKNOWN
17730597,UNKNOWN
17731443,UNKNOWN
17730917,UNKNOWN
17731371,UNKNOWN
17730615,UNKNOWN
17730928,UNKNOWN
17730492,UNKNOWN
17731747,UNKNOWN
17730450,UNKNOWN
17732208HW,HORIZONTAL
17732218H1,HORIZONTAL
17732265H1,HORIZONTAL
17732209HW,HORIZONTAL
17732660H1,HORIZONTAL
17732661H1,HORIZONTAL
17733206H1,HORIZONTAL
17733552H1,HORIZONTAL
17733591H1,HORIZONTAL
17733551H1,HORIZONTAL
17733590H1,HORIZONTAL
17732950H1,HORIZONTAL
17733048H1,HORIZONTAL
17732606H1,HORIZONTAL
17733274H1,HORIZONTAL
17733494H1,HORIZONTAL
17733006H1,HORIZONTAL
17733534H1,HORIZONTAL
17733421H1,HORIZONTAL
17730433,UNKNOWN
17732645H1,HORIZONTAL
17732966H1,HORIZONTAL
17730643,UNKNOWN
17732965H1,HORIZONTAL
17730491,UNKNOWN
17730416,UNKNOWN
17733261H1,HORIZONTAL
17732789H1,HORIZONTAL
17731006,UNKNOWN
17730817,UNKNOWN
17732930H1,HORIZONTAL
17732817H1,HORIZONTAL
17732929H1,HORIZONTAL
17730857,UNKNOWN
17732834H1,HORIZONTAL
17732557H1,HORIZONTAL
17732558H1,HORIZONTAL
17732134H1,HORIZONTAL
17733422H1,HORIZONTAL
17732892H1,HORIZONTAL
17733423H1,HORIZONTAL
17733211H1,HORIZONTAL
17732392H1,HORIZONTAL
17733424H1,HORIZONTAL
17733210H1,HORIZONTAL
17732628H1,HORIZONTAL
17732495H1,HORIZONTAL
17732525H1,HORIZONTAL
17730734,UNKNOWN
17733029H1,HORIZONTAL
17733282H1,HORIZONTAL
12333665H1,HORIZONTAL
17732598H1,HORIZONTAL
17732644H1,HORIZONTAL
17733509H2,HORIZONTAL
17731021,UNKNOWN
17733367H1,HORIZONTAL
17732181HW,HORIZONTAL
17730512H1,HORIZONTAL
17731784H1,HORIZONTAL
17730509,UNKNOWN
17730799,UNKNOWN
17730485,UNKNOWN
17730691,UNKNOWN
17732752H1,HORIZONTAL
17732955H1,HORIZONTAL
17730846,UNKNOWN
17731288,UNKNOWN
17733491H1,HORIZONTAL
17733485H1,HORIZONTAL
17733194H1,HORIZONTAL
17733064H1,HORIZONTAL
17732691H1,HORIZONTAL
17732423H1,HORIZONTAL
17732713H1,HORIZONTAL
17732830H1,HORIZONTAL
17732646H1,HORIZONTAL
17732080,UNKNOWN
17732610H1,HORIZONTAL
17732714H1,HORIZONTAL
17732442H1,HORIZONTAL
17732419H1,HORIZONTAL
17733535H1,HORIZONTAL
17732119H2,HORIZONTAL
17730407,UNKNOWN
17731712,UNKNOWN
17730496,UNKNOWN
17732034H1,HORIZONTAL
17730465,UNKNOWN
17730402,UNKNOWN
17730169,UNKNOWN
17720012,UNKNOWN
17732209H1,HORIZONTAL
17732222H1,HORIZONTAL
17732217H1,HORIZONTAL
17720029,UNKNOWN
17731974,UNKNOWN
17731791,UNKNOWN
17731848,UNKNOWN
17731328,UNKNOWN
17731354,UNKNOWN
17731150,UNKNOWN
17731399,UNKNOWN
17731129,UNKNOWN
17731573,UNKNOWN
17731026,UNKNOWN
17731970H1,HORIZONTAL
17730819,UNKNOWN
17730936,UNKNOWN
17730905,UNKNOWN
17731458,UNKNOWN
17731735,UNKNOWN
17730804,UNKNOWN
17780006,UNKNOWN
17731764,UNKNOWN
17732060,UNKNOWN
17733094,UNKNOWN
17732046,UNKNOWN
17731771,UNKNOWN
17730747,UNKNOWN
17731966,UNKNOWN
17732005,UNKNOWN
17731556,UNKNOWN
17731166,UNKNOWN
17731322,UNKNOWN
17731367,UNKNOWN
17730893,UNKNOWN
17731184,UNKNOWN
17730753,UNKNOWN
17731356,UNKNOWN
17731347,UNKNOWN
17730675,UNKNOWN
17731065,UNKNOWN
17731187,UNKNOWN
17731196H1,HORIZONTAL
17731079,UNKNOWN
17732004,UNKNOWN
17733024H1,HORIZONTAL
17731777,UNKNOWN
17731244,UNKNOWN
17732528,UNKNOWN
17731401,UNKNOWN
17731725,UNKNOWN
17731406,UNKNOWN
17731742,UNKNOWN
17733026H1,HORIZONTAL
17733200H1,HORIZONTAL
17732532,UNKNOWN
17733165H1,HORIZONTAL
17730820,UNKNOWN
17731522,UNKNOWN
17731402,UNKNOWN
17731607,UNKNOWN
17731315,UNKNOWN
17730969,UNKNOWN
17731640,UNKNOWN
17731546,UNKNOWN
17730929,UNKNOWN
17731422,UNKNOWN
17731194HW,HORIZONTAL
17731119,UNKNOWN
17731194H1,HORIZONTAL
17731881H1,HORIZONTAL
17731442,UNKNOWN
17731377,UNKNOWN
17731120,UNKNOWN
17733051H1,HORIZONTAL
17731030,UNKNOWN
17731757,UNKNOWN
17733105H1,HORIZONTAL
17731625,UNKNOWN
17731207,UNKNOWN
17730867,UNKNOWN
17733197H1,HORIZONTAL
17731806H1,HORIZONTAL
17733554H1,HORIZONTAL
17731251,UNKNOWN
17731326H1,HORIZONTAL
17731551,UNKNOWN
17731043,UNKNOWN
17731362,UNKNOWN
17731034,UNKNOWN
17731134,UNKNOWN
17730794,UNKNOWN
17731228,UNKNOWN
17731254HW,HORIZONTAL
17731903H1,HORIZONTAL
17731933H1,HORIZONTAL
17733004H1,HORIZONTAL
17733627,UNKNOWN
17731183,UNKNOWN
17730725,UNKNOWN
17732900D1,DIRECTIONAL
17730585,UNKNOWN
17731682,UNKNOWN
17731392,UNKNOWN
17731324,UNKNOWN
17730977,UNKNOWN
17730932,UNKNOWN
17731097,UNKNOWN
17731157,UNKNOWN
17731085,UNKNOWN
17730769,UNKNOWN
17730511,UNKNOWN
17730937,UNKNOWN
17732076H1,HORIZONTAL
17700647,UNKNOWN
17730534,UNKNOWN
17730623,UNKNOWN
17731750,UNKNOWN
17731978,UNKNOWN
17732599,UNKNOWN
17700129,UNKNOWN
17731758,UNKNOWN
17731605,UNKNOWN
17780072,UNKNOWN
17731772H1,HORIZONTAL
17731631,UNKNOWN
17731626,UNKNOWN
17731323,UNKNOWN
17732049,UNKNOWN
17731578,UNKNOWN
17730563,UNKNOWN
17733668,UNKNOWN
17731856H1,HORIZONTAL
17732055,UNKNOWN
17731501,UNKNOWN
17730523,UNKNOWN
17733080H1,HORIZONTAL
17730036,UNKNOWN
17731734,UNKNOWN
17730703,UNKNOWN
28533695H1,HORIZONTAL
17733474H1,HORIZONTAL
17732299H1,HORIZONTAL
28533754H1,HORIZONTAL
17733153H1,HORIZONTAL
17731197,UNKNOWN
17730908,UNKNOWN
17731330,UNKNOWN
17732028,UNKNOWN
17731450,UNKNOWN
17733028H1,HORIZONTAL
17730543,UNKNOWN
17730882,UNKNOWN
17732114H2,HORIZONTAL
17731465,UNKNOWN
17731675,UNKNOWN
28533753H1,HORIZONTAL
28533614H1,HORIZONTAL
28533761H1,HORIZONTAL
28533627H1,HORIZONTAL
17730752,UNKNOWN
28533622H1,HORIZONTAL
17732146H1,HORIZONTAL
17733020H1,HORIZONTAL
17733019H1,HORIZONTAL
17733010H1,HORIZONTAL
28533638H1,HORIZONTAL
17732062,UNKNOWN
17731060,UNKNOWN
17731676,UNKNOWN
17731455,UNKNOWN
17732064,UNKNOWN
17730913,UNKNOWN
17730424HW,HORIZONTAL
17730424H1,HORIZONTAL
17730920,UNKNOWN
17730884,UNKNOWN
17732524HW,HORIZONTAL
17732364,UNKNOWN
17731182,UNKNOWN
28533602H1,HORIZONTAL
17730730,UNKNOWN
28533649H1,HORIZONTAL
17732781H1,HORIZONTAL
28533589H1,HORIZONTAL
28533647H1,HORIZONTAL
17733511H1,HORIZONTAL
17730576,UNKNOWN
17731973,UNKNOWN
17732114H1,HORIZONTAL
17730578,UNKNOWN
17731498,UNKNOWN
17731357,UNKNOWN
17730548,UNKNOWN
17731857,UNKNOWN
17732524H1,HORIZONTAL
17733099H1,HORIZONTAL
17732274HW,HORIZONTAL
17732822H1,HORIZONTAL
17731193,UNKNOWN
17732657H1,HORIZONTAL
28533666H1,HORIZONTAL
17730786,UNKNOWN
28533664H1,HORIZONTAL
28533665H1,HORIZONTAL
17733441H1,HORIZONTAL
17732260HW,HORIZONTAL
17733643,UNKNOWN
17732302,UNKNOWN
17731066,UNKNOWN
17730755H1,HORIZONTAL
17731170,UNKNOWN
17730938H1,HORIZONTAL
17732898H1,HORIZONTAL
17732151HW,HORIZONTAL
17732613H1,HORIZONTAL
17732260H1,HORIZONTAL
17732216H1,HORIZONTAL
17731409,UNKNOWN
17732746H1,HORIZONTAL
17730550,UNKNOWN
17733390H1,HORIZONTAL
17700621,UNKNOWN
17733439H1,HORIZONTAL
17733097H1,HORIZONTAL
17733577H1,HORIZONTAL
17732397H1,HORIZONTAL
17731248,UNKNOWN
17731840H1,HORIZONTAL
17731956H1,HORIZONTAL
17730952,UNKNOWN
17733246H1,HORIZONTAL
17732764H1,HORIZONTAL
17731839H1,HORIZONTAL
17730902,UNKNOWN
17731639,UNKNOWN
17731654,UNKNOWN
17731622,UNKNOWN
17733576H1,HORIZONTAL
28533603H1,HORIZONTAL
17730844,UNKNOWN
17730848,UNKNOWN
17731931H1,HORIZONTAL
17731924H1,HORIZONTAL
17731600,UNKNOWN
17731646,UNKNOWN
17731469,UNKNOWN
17731154H1,HORIZONTAL
17731612,UNKNOWN
17731154HW,HORIZONTAL
17731413,UNKNOWN
17731154H2,HORIZONTAL
17730868,UNKNOWN
17732065HW,HORIZONTAL
17730883,UNKNOWN
17733585H1,HORIZONTAL
17733584H1,HORIZONTAL
17733582H1,HORIZONTAL
17733583H1,HORIZONTAL
28533660H1,HORIZONTAL
17732493H1,HORIZONTAL
17733669H1,HORIZONTAL
17733389H1,HORIZONTAL
17732022,UNKNOWN
17731541,UNKNOWN
17731230,UNKNOWN
17730834,UNKNOWN
17732065H1,HORIZONTAL
17731289,UNKNOWN
17731223,UNKNOWN
17730711,UNKNOWN
17731432,UNKNOWN
17732344,UNKNOWN
17731587,UNKNOWN
17733388H1,HORIZONTAL
17732333H1,HORIZONTAL
17732338H1,HORIZONTAL
17731378,UNKNOWN
17731395,UNKNOWN
17731245,UNKNOWN
17731671,UNKNOWN
17731165,UNKNOWN
17731674,UNKNOWN
17731537,UNKNOWN
17731672,UNKNOWN
17731575,UNKNOWN
17731470,UNKNOWN
17731263,UNKNOWN
17731163,UNKNOWN
17730869,UNKNOWN
17731466,UNKNOWN
17732366H1,HORIZONTAL
17732276H1,HORIZONTAL
17732328H1,HORIZONTAL
17732151H1,HORIZONTAL
17733213H1,HORIZONTAL
17732215H1,HORIZONTAL
17730745,UNKNOWN
17731670,UNKNOWN
17731293,UNKNOWN
17730453,UNKNOWN
17731850H1,HORIZONTAL
17731526,UNKNOWN
17731656,UNKNOWN
17731375,UNKNOWN
17731149,UNKNOWN
17731403,UNKNOWN
17733607H1,HORIZONTAL
17732040H2,HORIZONTAL
17733606H1,HORIZONTAL
17730008,UNKNOWN
17733593H1,HORIZONTAL
17733501H1,HORIZONTAL
17733387H1,HORIZONTAL
17733592H1,HORIZONTAL
17733385H1,HORIZONTAL
17733272H1,HORIZONTAL
17732116H1,HORIZONTAL
17732071H1,HORIZONTAL
17733701H1,HORIZONTAL
17733655H1,HORIZONTAL
17732406H1,HORIZONTAL
17732400H1,HORIZONTAL
17732401H1,HORIZONTAL
17732312H1,HORIZONTAL
17732552H1,HORIZONTAL
17732287H1,HORIZONTAL
17732496H1,HORIZONTAL
17732861H1,HORIZONTAL
17733225H1,HORIZONTAL
17732463H1,HORIZONTAL
17720014,UNKNOWN
12334183H1,HORIZONTAL
17732071H2,HORIZONTAL
17732243H1,HORIZONTAL
17733159H1,HORIZONTAL
17732563H1,HORIZONTAL
25533212H1,HORIZONTAL
17731876H2,HORIZONTAL
17731876H1,HORIZONTAL
17732548H1,HORIZONTAL
17732853H1,HORIZONTAL
17733705H1,HORIZONTAL
17733704H1,HORIZONTAL
17732550H1,HORIZONTAL
17731172,UNKNOWN
17733479H1,HORIZONTAL
17733645H1,HORIZONTAL
17732843H1,HORIZONTAL
17733644H1,HORIZONTAL
17732868H1,HORIZONTAL
17732828H1,HORIZONTAL
17732864H1,HORIZONTAL
17732931H1,HORIZONTAL
17732551H1,HORIZONTAL
17733480H1,HORIZONTAL
17733084H1,HORIZONTAL
17733337H1,HORIZONTAL
17733336H1,HORIZONTAL
17733352H1,HORIZONTAL
17732811H1,HORIZONTAL
17733490H1,HORIZONTAL
17732690H1,HORIZONTAL
12333045H1,HORIZONTAL
17732986H1,HORIZONTAL
12332862H1,HORIZONTAL
17732277H1,HORIZONTAL
17732885H1,HORIZONTAL
17732893H1,HORIZONTAL
17731894H1,HORIZONTAL
17732894H1,HORIZONTAL
17733256H1,HORIZONTAL
12332861H1,HORIZONTAL
12332863H1,HORIZONTAL
17732984H1,HORIZONTAL
17732978H1,HORIZONTAL
17733540H1,HORIZONTAL
17733541H1,HORIZONTAL
17732712H1,HORIZONTAL
17733508H1,HORIZONTAL
17732731H1,HORIZONTAL
12333399H1,HORIZONTAL
17732842H1,HORIZONTAL
12333870H1,HORIZONTAL
17732844H1,HORIZONTAL
17732757H1,HORIZONTAL
17732761H1,HORIZONTAL
17733504H1,HORIZONTAL
17732766H1,HORIZONTAL
17733505H1,HORIZONTAL
17732763H1,HORIZONTAL
17733616H1,HORIZONTAL
17733255H1,HORIZONTAL
17732640H1,HORIZONTAL
17732407H1,HORIZONTAL
12334234H1,HORIZONTAL
12334233H1,HORIZONTAL
12333292H1,HORIZONTAL
12333289H1,HORIZONTAL
12332783H1,HORIZONTAL
12333310H1,HORIZONTAL
17732148H1,HORIZONTAL
17732920H1,HORIZONTAL
17732860H1,HORIZONTAL
17733127H1,HORIZONTAL
17732367H1,HORIZONTAL
17732369H1,HORIZONTAL
17732410H1,HORIZONTAL
17732478H1,HORIZONTAL
17731837H1,HORIZONTAL
17732715H1,HORIZONTAL
17730831,UNKNOWN
17731310,UNKNOWN
17730940,UNKNOWN
17731819H1,HORIZONTAL
17733484H1,HORIZONTAL
17730731,UNKNOWN
17732240H1,HORIZONTAL
17732031,UNKNOWN
17733147H1,HORIZONTAL
17733149H1,HORIZONTAL
17733044H1,HORIZONTAL
17732914H1,HORIZONTAL
17733344H1,HORIZONTAL
17733345H1,HORIZONTAL
17733680H1,HORIZONTAL
17733346H1,HORIZONTAL
17733360H1,HORIZONTAL
17733361H1,HORIZONTAL
17732727H1,HORIZONTAL
17733483H1,HORIZONTAL
17732432,UNKNOWN
17731419,UNKNOWN
17732161H1,HORIZONTAL
17731645,UNKNOWN
17731879H1,HORIZONTAL
17732240HW,HORIZONTAL
17731937H1,HORIZONTAL
17731517,UNKNOWN
17732168H1,HORIZONTAL
17732035,UNKNOWN
17732262H1,HORIZONTAL
17732027,UNKNOWN
17733164H1,HORIZONTAL
17732895H1,HORIZONTAL
17732569H1,HORIZONTAL
17730735,UNKNOWN
17732454H1,HORIZONTAL
17732453H1,HORIZONTAL
17731780H1,HORIZONTAL
17732161HW,HORIZONTAL
17732267HW,HORIZONTAL
17732018H1,HORIZONTAL
17731214,UNKNOWN
17732314,UNKNOWN
17732162H1,HORIZONTAL
17732168HW,HORIZONTAL
17732155HW,HORIZONTAL
17732018HW,HORIZONTAL
17732793H1,HORIZONTAL
17732441H1,HORIZONTAL
17732440H1,HORIZONTAL
17732559H1,HORIZONTAL
17732452H1,HORIZONTAL
17733460H1,HORIZONTAL
17733463H1,HORIZONTAL
17732581H1,HORIZONTAL
17732498H1,HORIZONTAL
17731800H1,HORIZONTAL
17732446HW,HORIZONTAL
17732019,UNKNOWN
17733371H1,HORIZONTAL
17732153H1,HORIZONTAL
17731788H1,HORIZONTAL
17733289H1,HORIZONTAL
17732446H1,HORIZONTAL
17731897H1,HORIZONTAL
17733034H1,HORIZONTAL
17733321H1,HORIZONTAL
17731865H1,HORIZONTAL
17731889H1,HORIZONTAL
17733567H1,HORIZONTAL
17733539H1,HORIZONTAL
17733566H1,HORIZONTAL
17733565H1,HORIZONTAL
17733232H1,HORIZONTAL
17733130H1,HORIZONTAL
17733136H1,HORIZONTAL
17732641H1,HORIZONTAL
17732639H1,HORIZONTAL
17732045H1,HORIZONTAL
17733433H1,HORIZONTAL
17732809H1,HORIZONTAL
17733497H1,HORIZONTAL
17731872H1,HORIZONTAL
17731789H3,HORIZONTAL
17731789H1,HORIZONTAL
17731789H2,HORIZONTAL
17731921H1,HORIZONTAL
17731799H1,HORIZONTAL
12334204H1,HORIZONTAL
17732647H1,HORIZONTAL
17732648H1,HORIZONTAL
17733604H1,HORIZONTAL
17732650H1,HORIZONTAL
12333788H1,HORIZONTAL
17733248H1,HORIZONTAL
12333429H1,HORIZONTAL
12334224H1,HORIZONTAL
12334225H1,HORIZONTAL
17732928H1,HORIZONTAL
17732784H1,HORIZONTAL
17732654H1,HORIZONTAL
12334203H1,HORIZONTAL
17733420H1,HORIZONTAL
17731853H1,HORIZONTAL
17732037H1,HORIZONTAL
17733571H1,HORIZONTAL
17733570H1,HORIZONTAL
17733569H1,HORIZONTAL
17733568H1,HORIZONTAL
17732655H1,HORIZONTAL
17733531H1,HORIZONTAL
17733530H1,HORIZONTAL
17733307H1,HORIZONTAL
17732044H1,HORIZONTAL
17732637,UNKNOWN
17733529H1,HORIZONTAL
17733502H1,HORIZONTAL
17732040H1,HORIZONTAL
17732703H1,HORIZONTAL
17732634H1,HORIZONTAL
17732135H1,HORIZONTAL
17731940H1,HORIZONTAL
17732042H1,HORIZONTAL
17733605H1,HORIZONTAL
17732287HW,HORIZONTAL
17733236H1,HORIZONTAL
17733335H1,HORIZONTAL
17732536H1,HORIZONTAL
17734637H1,HORIZONTAL
17732787H1,HORIZONTAL
17732786H1,HORIZONTAL
12332556H1,HORIZONTAL
17733672H1,HORIZONTAL
12333359H1,HORIZONTAL
12333358H1,HORIZONTAL
12333357H1,HORIZONTAL
17732068,UNKNOWN
17733144H1,HORIZONTAL
12332857H1,HORIZONTAL
12332575H1,HORIZONTAL
17733790H1,HORIZONTAL
17733789H1,HORIZONTAL
17733883H1,HORIZONTAL
17733808H1,HORIZONTAL
17731984,UNKNOWN
17734313H1,HORIZONTAL
17734314H1,HORIZONTAL
17730191,UNKNOWN
17730584HW,HORIZONTAL
17733691H1,HORIZONTAL
17734290H1,HORIZONTAL
17734288H1,HORIZONTAL
17734289H1,HORIZONTAL
17734169H1,HORIZONTAL
17734345H1,HORIZONTAL
17732747H1,HORIZONTAL
17734447H1,HORIZONTAL
17734293H1,HORIZONTAL
17733595H1,HORIZONTAL
17734352H1,HORIZONTAL
28534154H1,HORIZONTAL
28534155H1,HORIZONTAL
17733647H1,HORIZONTAL
17733646H1,HORIZONTAL
17731796H1,HORIZONTAL
17700463,UNKNOWN
17733338H1,HORIZONTAL
17732535H1,HORIZONTAL
17732472H1,HORIZONTAL
17733694H1,HORIZONTAL
17733693H1,HORIZONTAL
17733117H1,HORIZONTAL
17733688H1,HORIZONTAL
17734311H1,HORIZONTAL
17734312H1,HORIZONTAL
17733696H1,HORIZONTAL
12334304H1,HORIZONTAL
17733737H1,HORIZONTAL
17731824H1,HORIZONTAL
17733182H1,HORIZONTAL
17733265H1,HORIZONTAL
12334154H1,HORIZONTAL
17733642H1,HORIZONTAL
12334305H1,HORIZONTAL
17733747H1,HORIZONTAL
12333121H1,HORIZONTAL
17733763H1,HORIZONTAL
17733636H1,HORIZONTAL
14933385H1,HORIZONTAL
12334426H1,HORIZONTAL
17732673H1,HORIZONTAL
17734342H1,HORIZONTAL
12334331H1,HORIZONTAL
17733414H1,HORIZONTAL
17733712H1,HORIZONTAL
17733736H1,HORIZONTAL
17734341H1,HORIZONTAL
17734096H1,HORIZONTAL
17734343H1,HORIZONTAL
17734091H1,HORIZONTAL
17732253H1,HORIZONTAL
17732934H1,HORIZONTAL
17733781H1,HORIZONTAL
17733780H1,HORIZONTAL
17733829H1,HORIZONTAL
17734084H1,HORIZONTAL
17730945,UNKNOWN
17732622H1,HORIZONTAL
17733761H1,HORIZONTAL
17734246H1,HORIZONTAL
17733872H1,HORIZONTAL
17734242H1,HORIZONTAL
17734244H1,HORIZONTAL
17733762H1,HORIZONTAL
12334424H1,HORIZONTAL
12334425H1,HORIZONTAL
17732711H3,HORIZONTAL
17732711H1,HORIZONTAL
17734082H1,HORIZONTAL
17732132H1,HORIZONTAL
17734213H1,HORIZONTAL
17734216H1,HORIZONTAL
12333139H1,HORIZONTAL
14933386H1,HORIZONTAL
17731992H1,HORIZONTAL
17733229H1,HORIZONTAL
17732967H1,HORIZONTAL
17732734H1,HORIZONTAL
17730677,UNKNOWN
17734237H1,HORIZONTAL
17734238H1,HORIZONTAL
17730572,UNKNOWN
17733729H1,HORIZONTAL
17733177H1,HORIZONTAL
17732389H1,HORIZONTAL
17732368H1,HORIZONTAL
17733770H1,HORIZONTAL
17733772H1,HORIZONTAL
17732137H1,HORIZONTAL
17732983H1,HORIZONTAL
17731062,UNKNOWN
17733121,UNKNOWN
17733755H1,HORIZONTAL
17731994H1,HORIZONTAL
17733510H1,HORIZONTAL
17733003H1,HORIZONTAL
17733215H1,HORIZONTAL
17730526,UNKNOWN
17732884H1,HORIZONTAL
17734275H1,HORIZONTAL
17733779H1,HORIZONTAL
17733778H1,HORIZONTAL
17733231H1,HORIZONTAL
17700451,UNKNOWN
17734641H1,HORIZONTAL
17734642H1,HORIZONTAL
17734643H1,HORIZONTAL
17733304H1,HORIZONTAL
17730687,UNKNOWN
17730595,UNKNOWN
17734199H1,HORIZONTAL
17732350H1,HORIZONTAL
17732224H1,HORIZONTAL
17733544H1,HORIZONTAL
17733543H1,HORIZONTAL
17733800HW,HORIZONTAL
17733542H1,HORIZONTAL
17732318H1,HORIZONTAL
17730924,UNKNOWN
17732147H1,HORIZONTAL
17733364H1,HORIZONTAL
17734283H1,HORIZONTAL
12334563H1,HORIZONTAL
17734337H1,HORIZONTAL
17731831H1,HORIZONTAL
17732717H1,HORIZONTAL
17734041H1,HORIZONTAL
17734040H1,HORIZONTAL
17732617H1,HORIZONTAL
17732716H1,HORIZONTAL
17732820H1,HORIZONTAL
17731621,UNKNOWN
25536035H1,HORIZONTAL
17733799H1,HORIZONTAL
17733856H1,HORIZONTAL
17734127H1,HORIZONTAL
12334764H1,HORIZONTAL
17730661,UNKNOWN
12334810H1,HORIZONTAL
28534150H1,HORIZONTAL
28534151H1,HORIZONTAL
12334763H1,HORIZONTAL
17733724H1,HORIZONTAL
17733723H1,HORIZONTAL
17733722H1,HORIZONTAL
17732672H1,HORIZONTAL
17731847,UNKNOWN
17734078HW,HORIZONTAL
17732316H1,HORIZONTAL
17731557,UNKNOWN
12334030H1,HORIZONTAL
17734208H1,HORIZONTAL
12334343H1,HORIZONTAL
17734111H1,HORIZONTAL
17734383H1,HORIZONTAL
17733826H1,HORIZONTAL
17731780HW,HORIZONTAL
17733838H1,HORIZONTAL
17734251H1,HORIZONTAL
17733828H1,HORIZONTAL
17733839H1,HORIZONTAL
17733869H1,HORIZONTAL
17733849H1,HORIZONTAL
12334458H1,HORIZONTAL
17734108H1,HORIZONTAL
17733803H1,HORIZONTAL
17734109H1,HORIZONTAL
17734112H1,HORIZONTAL
17731636,UNKNOWN
17733760H1,HORIZONTAL
17734593H1,HORIZONTAL
17733066H1,HORIZONTAL
17733837H1,HORIZONTAL
17731312,UNKNOWN
17733861H1,HORIZONTAL
17733882H1,HORIZONTAL
17734113H1,HORIZONTAL
17734155H1,HORIZONTAL
17733848H1,HORIZONTAL
12334463H1,HORIZONTAL
12334530H1,HORIZONTAL
17734107H1,HORIZONTAL
17731797H1,HORIZONTAL
17731500,UNKNOWN
17730858,UNKNOWN
17734536H1,HORIZONTAL
17734102H1,HORIZONTAL
17733757H1,HORIZONTAL
12334352H1,HORIZONTAL
17732586H1,HORIZONTAL
17733257H1,HORIZONTAL
17730686,UNKNOWN
17731803H1,HORIZONTAL
17733851H1,HORIZONTAL
17733890H1,HORIZONTAL
17731790H1,HORIZONTAL
17731790H2,HORIZONTAL
17731851H1,HORIZONTAL
17731803HW,HORIZONTAL
17733822H1,HORIZONTAL
17731958H1,HORIZONTAL
17734403H1,HORIZONTAL
17734406H1,HORIZONTAL
17733855H1,HORIZONTAL
17733817H1,HORIZONTAL
17731770H2,HORIZONTAL
17730236,UNKNOWN
17732003H2,HORIZONTAL
17733887H1,HORIZONTAL
17734043H1,HORIZONTAL
17733893H1,HORIZONTAL
17733796H1,HORIZONTAL
17733798H1,HORIZONTAL
17733964H1,HORIZONTAL
17733894H1,HORIZONTAL
17733895H1,HORIZONTAL
17733896H1,HORIZONTAL
17733880H1,HORIZONTAL
17731942H1,HORIZONTAL
12334646H1,HORIZONTAL
17734017H1,HORIZONTAL
17734119H1,HORIZONTAL
17734137H1,HORIZONTAL
17734150H1,HORIZONTAL
17734030H1,HORIZONTAL
12334661H1,HORIZONTAL
17733920H1,HORIZONTAL
17733874H1,HORIZONTAL
17734050H1,HORIZONTAL
17733936H1,HORIZONTAL
17733988H1,HORIZONTAL
12334482H1,HORIZONTAL
17733404H1,HORIZONTAL
17733181H1,HORIZONTAL
12334481H1,HORIZONTAL
17732669H1,HORIZONTAL
17733427H1,HORIZONTAL
17731899H1,HORIZONTAL
17731861H1,HORIZONTAL
17730976,UNKNOWN
17730851,UNKNOWN
17730999,UNKNOWN
17734059H1,HORIZONTAL
17733682H1,HORIZONTAL
17734606H1,HORIZONTAL
17733876H1,HORIZONTAL
17733954H1,HORIZONTAL
17732033H1,HORIZONTAL
17734056H1,HORIZONTAL
17733816H1,HORIZONTAL
12334507H1,HORIZONTAL
17733220H1,HORIZONTAL
17731801H1,HORIZONTAL
17733262H1,HORIZONTAL
17733393H1,HORIZONTAL
17732854H1,HORIZONTAL
17730957,UNKNOWN
17734060H1,HORIZONTAL
17732807H1,HORIZONTAL
17732813H1,HORIZONTAL
12334484H1,HORIZONTAL
12334527H1,HORIZONTAL
17733665H1,HORIZONTAL
17731828H1,HORIZONTAL
17731055,UNKNOWN
17730974,UNKNOWN
17731282,UNKNOWN
17734061H1,HORIZONTAL
28534118H1,HORIZONTAL
12334526H1,HORIZONTAL
17733488H1,HORIZONTAL
17731250,UNKNOWN
17731962,UNKNOWN
17733947H1,HORIZONTAL
17732106H1,HORIZONTAL
17732244HW,HORIZONTAL
17733664H1,HORIZONTAL
17731570,UNKNOWN
17732167HW,HORIZONTAL
17732167H1,HORIZONTAL
17732198H1,HORIZONTAL
17734000H1,HORIZONTAL
17733959H1,HORIZONTAL
17734633H1,HORIZONTAL
17731616,UNKNOWN
17731906,UNKNOWN
17700416,UNKNOWN
17733440H1,HORIZONTAL
17733141H1,HORIZONTAL
17733928H1,HORIZONTAL
17733930H1,HORIZONTAL
17733931H1,HORIZONTAL
17730445,UNKNOWN
17733783H1,HORIZONTAL
17733759H1,HORIZONTAL
17732925H1,HORIZONTAL
17734598H1,HORIZONTAL
12334361H1,HORIZONTAL
17733618H1,HORIZONTAL
17733739H1,HORIZONTAL
17733545H1,HORIZONTAL
17733797H1,HORIZONTAL
17732662H1,HORIZONTAL
17734005H1,HORIZONTAL
17733918H1,HORIZONTAL
17733919H1,HORIZONTAL
17734349H1,HORIZONTAL
17733850H1,HORIZONTAL
12334460H1,HORIZONTAL
17732626H1,HORIZONTAL
17732537H1,HORIZONTAL
17734095H1,HORIZONTAL
17734058H1,HORIZONTAL
17734032H1,HORIZONTAL
17733957H1,HORIZONTAL
17732819H1,HORIZONTAL
17731830H1,HORIZONTAL
17732393H1,HORIZONTAL
17733140H1,HORIZONTAL
12334809H1,HORIZONTAL
17732527,UNKNOWN
17734165H1,HORIZONTAL
17734167H1,HORIZONTAL
12334566H1,HORIZONTAL
17730403H1,HORIZONTAL
12334773H1,HORIZONTAL
17734203H1,HORIZONTAL
17734121H1,HORIZONTAL
12333664H1,HORIZONTAL
12334666H1,HORIZONTAL
17734145H1,HORIZONTAL
17734540H1,HORIZONTAL
17734105H1,HORIZONTAL
17734144H1,HORIZONTAL
12334739H1,HORIZONTAL
17732315H1,HORIZONTAL
17734081H1,HORIZONTAL
17734507H1,HORIZONTAL
17734143H1,HORIZONTAL
17732896H1,HORIZONTAL
17733986H1,HORIZONTAL
17730584H1,HORIZONTAL
17734309H1,HORIZONTAL
17734196H1,HORIZONTAL
17734197H1,HORIZONTAL
17734086H1,HORIZONTAL
17734088H1,HORIZONTAL
17734281H1,HORIZONTAL
17733934H1,HORIZONTAL
17734146H1,HORIZONTAL
17734148H1,HORIZONTAL
17732675H1,HORIZONTAL
17733932H1,HORIZONTAL
17734131H1,HORIZONTAL
17733621H1,HORIZONTAL
17734162H1,HORIZONTAL
17734163H1,HORIZONTAL
17733840H1,HORIZONTAL
17734089H1,HORIZONTAL
17734079H1,HORIZONTAL
17733726H1,HORIZONTAL
17731769H1,HORIZONTAL
17734170H1,HORIZONTAL
17734171H1,HORIZONTAL
17734245H1,HORIZONTAL
17734247H1,HORIZONTAL
17734248H1,HORIZONTAL
17734132H1,HORIZONTAL
17734239H1,HORIZONTAL
17732133H1,HORIZONTAL
17730091,UNKNOWN
17734348H1,HORIZONTAL
17734046H1,HORIZONTAL
17734051H1,HORIZONTAL
17734077H1,HORIZONTAL
17733966H1,HORIZONTAL
17734039H1,HORIZONTAL
17734074H1,HORIZONTAL
17731818H1,HORIZONTAL
17734149H1,HORIZONTAL
17734605H1,HORIZONTAL
17733416H2,HORIZONTAL
17733863H1,HORIZONTAL
17734075H1,HORIZONTAL
17734004H1,HORIZONTAL
17734038H1,HORIZONTAL
17733967H1,HORIZONTAL
17730099,UNKNOWN
17734101H1,HORIZONTAL
17733965H1,HORIZONTAL
25535596H1,HORIZONTAL
12334564H1,HORIZONTAL
17734152H1,HORIZONTAL
17731930H1,HORIZONTAL
17731842H1,HORIZONTAL
17734457H1,HORIZONTAL
17734375H1,HORIZONTAL
17733754H1,HORIZONTAL
17734437H1,HORIZONTAL
17734390H1,HORIZONTAL
17730222,UNKNOWN
17734427H1,HORIZONTAL
17733513H1,HORIZONTAL
17734651H1,HORIZONTAL
17734542H1,HORIZONTAL
17734500H1,HORIZONTAL
17732325H1,HORIZONTAL
17734541H1,HORIZONTAL
17734048H1,HORIZONTAL
17733458,UNKNOWN
17731842H2,HORIZONTAL
17731930H2,HORIZONTAL
17732612H1,HORIZONTAL
17734652H1,HORIZONTAL
17734263H1,HORIZONTAL
17734544H1,HORIZONTAL
17734545H1,HORIZONTAL
17733247H1,HORIZONTAL
17734480H1,HORIZONTAL
17734585H1,HORIZONTAL
17734478H1,HORIZONTAL
17734387H1,HORIZONTAL
17734284H1,HORIZONTAL
28534231H1,HORIZONTAL
17734547H1,HORIZONTAL
17734654H1,HORIZONTAL
17730881H1,HORIZONTAL
17734510H1,HORIZONTAL
17734565H1,HORIZONTAL
17734483,UNKNOWN
17734599H1,HORIZONTAL
28534145H1,HORIZONTAL
17732017H1,HORIZONTAL
17732017H2,HORIZONTAL
17733809H1,HORIZONTAL
17734685H1,HORIZONTAL
17734374H1,HORIZONTAL
17732609H1,HORIZONTAL
17734468H1,HORIZONTAL
17734601H1,HORIZONTAL
17734682H1,HORIZONTAL
17734492,UNKNOWN
17734174H1,HORIZONTAL
17734508H1,HORIZONTAL
17700461,UNKNOWN
17734381H1,HORIZONTAL
17731999H1,HORIZONTAL
17734472H1,HORIZONTAL
17733948H1,HORIZONTAL
17734463H1,HORIZONTAL
17734464H1,HORIZONTAL
17734604,UNKNOWN
17734161H1,HORIZONTAL
17734035H1,HORIZONTAL
17734154H1,HORIZONTAL
17734560H1,HORIZONTAL
17731846,UNKNOWN
17732274H1,HORIZONTAL
17734326H1,HORIZONTAL
17732907H1,HORIZONTAL
17732032H2,HORIZONTAL
17734271H1,HORIZONTAL
17734273H1,HORIZONTAL
17734274H1,HORIZONTAL
17734270H1,HORIZONTAL
17734228H1,HORIZONTAL
17732032H1,HORIZONTAL
17733667H1,HORIZONTAL
17734117H1,HORIZONTAL
17734115H1,HORIZONTAL
17734192H1,HORIZONTAL
17734185H1,HORIZONTAL
17732327H1,HORIZONTAL
17734328H1,HORIZONTAL
17730881HW,HORIZONTAL
17734523H1,HORIZONTAL
17734525H1,HORIZONTAL
17734526H1,HORIZONTAL
17734412H1,HORIZONTAL
17732666H1,HORIZONTAL
17733750H1,HORIZONTAL
17734256H1,HORIZONTAL
17734306H1,HORIZONTAL
17734517H1,HORIZONTAL
17700568,UNKNOWN
17734360H1,HORIZONTAL
28534232H1,HORIZONTAL
17731950H2,HORIZONTAL
17731950H1,HORIZONTAL
17734400H1,HORIZONTAL
17734401H1,HORIZONTAL
12334506H1,HORIZONTAL
17734037H1,HORIZONTAL
17734335H1,HORIZONTAL
17734453H1,HORIZONTAL
17733996H1,HORIZONTAL
17734255H1,HORIZONTAL
17734534H1,HORIZONTAL
17734535H1,HORIZONTAL
17734692H1,HORIZONTAL
17734300H1,HORIZONTAL
17734303H1,HORIZONTAL
17734350H1,HORIZONTAL
17734489H1,HORIZONTAL
17734521H1,HORIZONTAL
17734522H1,HORIZONTAL
17734537H1,HORIZONTAL
17734538H1,HORIZONTAL
17731948H1,HORIZONTAL
17731826H2,HORIZONTAL
17734417H1,HORIZONTAL
17780111,UNKNOWN
17734758H1,HORIZONTAL
17733991H1,HORIZONTAL
17733129H1,HORIZONTAL
17734421H1,HORIZONTAL
17734422H1,HORIZONTAL
17734485H1,HORIZONTAL
17734487H1,HORIZONTAL
17734423H1,HORIZONTAL
17734384H1,HORIZONTAL
17734570H1,HORIZONTAL
17733787H1,HORIZONTAL
17734531H1,HORIZONTAL
17734484H1,HORIZONTAL
17734319H1,HORIZONTAL
17734430H1,HORIZONTAL
17734431H1,HORIZONTAL
17734506H1,HORIZONTAL
17734495H1,HORIZONTAL
17734363H1,HORIZONTAL
17732994H1,HORIZONTAL
17734361H1,HORIZONTAL
17731875H3,HORIZONTAL
17732952H1,HORIZONTAL
17734268H1,HORIZONTAL
28533930H1,HORIZONTAL
17731568HW,HORIZONTAL
17734394H1,HORIZONTAL
17734259H1,HORIZONTAL
17734440H1,HORIZONTAL
17734460H1,HORIZONTAL
17732629H1,HORIZONTAL
17734398H1,HORIZONTAL
17734402H1,HORIZONTAL
17734024H1,HORIZONTAL
17733971H1,HORIZONTAL
17734214H1,HORIZONTAL
17733970H1,HORIZONTAL
17734494H1,HORIZONTAL
17734684H1,HORIZONTAL
17734134H1,HORIZONTAL
17734136H1,HORIZONTAL
12334511H1,HORIZONTAL
17734550H1,HORIZONTAL
17732180HW,HORIZONTAL
17733287H1,HORIZONTAL
17734760H1,HORIZONTAL
17734679H1,HORIZONTAL
17734677H1,HORIZONTAL
17734678H1,HORIZONTAL
17734655,UNKNOWN
17732280H1,HORIZONTAL
17733999H1,HORIZONTAL
28534235H1,HORIZONTAL
17733998H1,HORIZONTAL
17732390H1,HORIZONTAL
17733734H1,HORIZONTAL
17734097H1,HORIZONTAL
17733752H1,HORIZONTAL
17733993H1,HORIZONTAL
17733994H1,HORIZONTAL
17733462H1,HORIZONTAL
17734667H1,HORIZONTAL
17734649H1,HORIZONTAL
17732512H1,HORIZONTAL
17734670H1,HORIZONTAL
17734671H1,HORIZONTAL
17732500H1,HORIZONTAL
17734647H1,HORIZONTAL
17733290H1,HORIZONTAL
17734657H1,HORIZONTAL
17734330H1,HORIZONTAL
17734331H1,HORIZONTAL
17734344H1,HORIZONTAL
17734658H1,HORIZONTAL
17734676H1,HORIZONTAL
17734665H1,HORIZONTAL
17734661H1,HORIZONTAL
17733199H1,HORIZONTAL
17734093H1,HORIZONTAL
28534119H1,HORIZONTAL
17734370H1,HORIZONTAL
17731860H1,HORIZONTAL
17734659H1,HORIZONTAL
17734674H1,HORIZONTAL
17734470H1,HORIZONTAL
17734177H1,HORIZONTAL
17734367H1,HORIZONTAL
17734371H1,HORIZONTAL
17734336H1,HORIZONTAL
17731700,UNKNOWN
17734416H1,HORIZONTAL
17730584H2,HORIZONTAL
17732335,UNKNOWN
17734415H1,HORIZONTAL
17734445H1,HORIZONTAL
12335087H1,HORIZONTAL
12335088H1,HORIZONTAL
12335091H1,HORIZONTAL
17734299H1,HORIZONTAL
17734689H1,HORIZONTAL
17734442H1,HORIZONTAL
17734475H1,HORIZONTAL
17732066,UNKNOWN
17734419H1,HORIZONTAL
17732221H1,HORIZONTAL
17733929H1,HORIZONTAL
17733995H1,HORIZONTAL
17733997H1,HORIZONTAL
17734100H1,HORIZONTAL
17734099H1,HORIZONTAL
17734080H1,HORIZONTAL
17734087H1,HORIZONTAL
17734164H1,HORIZONTAL
17732748H1,HORIZONTAL
17732261H1,HORIZONTAL
17730956,UNKNOWN
17733818H1,HORIZONTAL
17733821H1,HORIZONTAL
17731779,UNKNOWN
17731753H1,HORIZONTAL
17734027H1,HORIZONTAL
12334811H1,HORIZONTAL
17732556H1,HORIZONTAL
17733738H1,HORIZONTAL
17733990H1,HORIZONTAL
17733910H1,HORIZONTAL
17734496H1,HORIZONTAL
17733909H1,HORIZONTAL
17733949H1,HORIZONTAL
17732883H1,HORIZONTAL
17734712H1,HORIZONTAL
17732491H1,HORIZONTAL
17734714H1,HORIZONTAL
17734045H1,HORIZONTAL
17734688H1,HORIZONTAL
17734718H1,HORIZONTAL
17733857H1,HORIZONTAL
17733858H1,HORIZONTAL
17734773H1,HORIZONTAL
17734003H1,HORIZONTAL
17734707H1,HORIZONTAL
17734705H1,HORIZONTAL
17732911H1,HORIZONTAL
17734054H1,HORIZONTAL
17734574H1,HORIZONTAL
17734053H1,HORIZONTAL
17734703H1,HORIZONTAL
17734727H1,HORIZONTAL
17734728H1,HORIZONTAL
17734725H1,HORIZONTAL
17734721H1,HORIZONTAL
17734704H1,HORIZONTAL
17734548H1,HORIZONTAL
17734730H1,HORIZONTAL
17734726H1,HORIZONTAL
17734002H1,HORIZONTAL
17734783H1,HORIZONTAL
12335090H1,HORIZONTAL
12335092H1,HORIZONTAL
17734454H1,HORIZONTAL
17734452H1,HORIZONTAL
17734673H1,HORIZONTAL
17734789H1,HORIZONTAL
17734790H1,HORIZONTAL
17732680H1,HORIZONTAL
12334184H1,HORIZONTAL
17733969H1,HORIZONTAL
17731568H1,HORIZONTAL
17734791H1,HORIZONTAL
17734792H1,HORIZONTAL
17734794H1,HORIZONTAL
17734796H1,HORIZONTAL
17731930H3,HORIZONTAL
17733788H1,HORIZONTAL
17734378H1,HORIZONTAL
17734076H1,HORIZONTAL
17733933H1,HORIZONTAL
17734551H1,HORIZONTAL
17734382H1,HORIZONTAL
17734262H1,HORIZONTAL
12335089H1,HORIZONTAL
17734439,UNKNOWN
17734509H1,HORIZONTAL
17734462,UNKNOWN
17734166H1,HORIZONTAL
17732685H1,HORIZONTAL
17734385H1,HORIZONTAL
17734414H1,HORIZONTAL
17734759H1,HORIZONTAL
17734346H1,HORIZONTAL
17734347H1,HORIZONTAL
12334565H1,HORIZONTAL
17734388H1,HORIZONTAL
17734301H1,HORIZONTAL
17734563H1,HORIZONTAL
17733740H1,HORIZONTAL
17734386H1,HORIZONTAL
17734448H1,HORIZONTAL
28534085H1,HORIZONTAL
28533657H1,HORIZONTAL
17734698H1,HORIZONTAL
17734568H1,HORIZONTAL
17734569H1,HORIZONTAL
17734573H1,HORIZONTAL
17734226H1,HORIZONTAL
17734455H1,HORIZONTAL
17734520H1,HORIZONTAL
17734519H1,HORIZONTAL
17733973H1,HORIZONTAL
17734397H1,HORIZONTAL
17734260H1,HORIZONTAL
17734261H1,HORIZONTAL
12335357H1,HORIZONTAL
17734501H1,HORIZONTAL
17734731H1,HORIZONTAL
17734413H1,HORIZONTAL
17731774,UNKNOWN
17734660H1,HORIZONTAL
17734221H1,HORIZONTAL
17731052,UNKNOWN
17730715,UNKNOWN
17731811H1,HORIZONTAL
17734729H1,HORIZONTAL
17734717H1,HORIZONTAL
17734716H1,HORIZONTAL
17734516H1,HORIZONTAL
17731917H4,HORIZONTAL
17734668H1,HORIZONTAL
17734225H1,HORIZONTAL
17734696H1,HORIZONTAL
17734047H1,HORIZONTAL
17734240H1,HORIZONTAL
17731963H1,HORIZONTAL
17734103H1,HORIZONTAL
17733198H1,HORIZONTAL
12334350H1,HORIZONTAL
12334349H1,HORIZONTAL
17734098H1,HORIZONTAL
28534087H1,HORIZONTAL
17734151H1,HORIZONTAL
17734153H1,HORIZONTAL
17734596H1,HORIZONTAL
17733732H1,HORIZONTAL
17733731H1,HORIZONTAL
17733638H1,HORIZONTAL
17733945H1,HORIZONTAL
17733912H1,HORIZONTAL
17732658H1,HORIZONTAL
17733589H1,HORIZONTAL
17732218HW,HORIZONTAL
17732659H1,HORIZONTAL
17731298,UNKNOWN
17731642,UNKNOWN
17732437H1,HORIZONTAL
17700584,UNKNOWN
17731606,UNKNOWN
17730558,UNKNOWN
17731475,UNKNOWN
17733328H1,HORIZONTAL
17733190H1,HORIZONTAL
17731924H2,HORIZONTAL
17731579,UNKNOWN
17731980,UNKNOWN
12334303H1,HORIZONTAL
17733648H1,HORIZONTAL
17732816H1,HORIZONTAL
17733314H1,HORIZONTAL
17732693H1,HORIZONTAL
17732623H1,HORIZONTAL
17700233,UNKNOWN
17733509H1,HORIZONTAL
17730512HW,HORIZONTAL
17731802H1,HORIZONTAL
17730518,UNKNOWN
17731101,UNKNOWN
17731719,UNKNOWN
17730954,UNKNOWN
17730986,UNKNOWN
17731718,UNKNOWN
17730617,UNKNOWN
17731447,UNKNOWN
17733455H1,HORIZONTAL
17732991H1,HORIZONTAL
17733376H1,HORIZONTAL
17733416H1,HORIZONTAL
17730159,UNKNOWN
17730192,UNKNOWN
28533694H1,HORIZONTAL
17731274,UNKNOWN
17732409,UNKNOWN
17731908,UNKNOWN
17732509H1,HORIZONTAL
17732775H1,HORIZONTAL
17730886,UNKNOWN
17732058,UNKNOWN
17730878,UNKNOWN
17731986,UNKNOWN
17731411,UNKNOWN
17730501,UNKNOWN
17730709,UNKNOWN
17731716,UNKNOWN
17733281H1,HORIZONTAL
17733207H1,HORIZONTAL
17733209H1,HORIZONTAL
17732958H1,HORIZONTAL
17733123H1,HORIZONTAL
17733163H1,HORIZONTAL
17731762H2,HORIZONTAL
17731592,UNKNOWN
17732832H1,HORIZONTAL
17732545H1,HORIZONTAL
17733493H1,HORIZONTAL
17733495H1,HORIZONTAL
17733533H1,HORIZONTAL
17731731,UNKNOWN
17731180,UNKNOWN
17731588,UNKNOWN
17731049,UNKNOWN
17733473H1,HORIZONTAL
17730486,UNKNOWN
17730564,UNKNOWN
17730552H1,HORIZONTAL
17731331,UNKNOWN
17731009,UNKNOWN
17730854,UNKNOWN
17730837,UNKNOWN
17730669,UNKNOWN
28533610H1,HORIZONTAL
17732101H1,HORIZONTAL
17732765H1,HORIZONTAL
28533650H1,HORIZONTAL
17731673,UNKNOWN
17731680,UNKNOWN
17730581,UNKNOWN
17730541,UNKNOWN
17730793,UNKNOWN
17733098H1,HORIZONTAL
17732002,UNKNOWN
17730525,UNKNOWN
17733205H1,HORIZONTAL
17733339H1,HORIZONTAL
17733072H1,HORIZONTAL
17732208H1,HORIZONTAL
17733670H1,HORIZONTAL
17733486H1,HORIZONTAL
12332864H1,HORIZONTAL
17730579,UNKNOWN
17730471,UNKNOWN
17730608,UNKNOWN
17730614,UNKNOWN
17732916H1,HORIZONTAL
17730678,UNKNOWN
17732619H1,HORIZONTAL
17732831H1,HORIZONTAL
17730531,UNKNOWN
17732968H1,HORIZONTAL
17730559,UNKNOWN
17730554,UNKNOWN
17733143H1,HORIZONTAL
17732785H1,HORIZONTAL
17733671H1,HORIZONTAL
17730173,UNKNOWN
17731954H1,HORIZONTAL
17733358H1,HORIZONTAL
17733102H1,HORIZONTAL
17733208H1,HORIZONTAL
17733749H1,HORIZONTAL
17733241H1,HORIZONTAL
28533648H1,HORIZONTAL
17731507,UNKNOWN
17731059,UNKNOWN
17731814H1,HORIZONTAL
17730620,UNKNOWN
17731105,UNKNOWN
17730636,UNKNOWN
17732649H1,HORIZONTAL
17730815,UNKNOWN
28533693H1,HORIZONTAL
17733399H1,HORIZONTAL
17733400H1,HORIZONTAL
17730981,UNKNOWN
28533755H1,HORIZONTAL
17730560,UNKNOWN
17732346H1,HORIZONTAL
17731340,UNKNOWN
17730805,UNKNOWN
17780073,UNKNOWN
17730827,UNKNOWN
17730895,UNKNOWN
17730624,UNKNOWN
17732230HW,HORIZONTAL
17731477,UNKNOWN
17730841,UNKNOWN
17731977H1,HORIZONTAL
17733242H1,HORIZONTAL
17732866H1,HORIZONTAL
17732988H1,HORIZONTAL
17733313H1,HORIZONTAL
17733546H1,HORIZONTAL
17733119H1,HORIZONTAL
17732608H1,HORIZONTAL
17732519H1,HORIZONTAL
17733122H1,HORIZONTAL
17733090H1,HORIZONTAL
17730722,UNKNOWN
17733091H1,HORIZONTAL
17733450H1,HORIZONTAL
17732067,UNKNOWN
17731875H2,HORIZONTAL
17731529,UNKNOWN
17731826H1,HORIZONTAL
17730706,UNKNOWN
17731993,UNKNOWN
17731976,UNKNOWN
17733675H1,HORIZONTAL
17732317H1,HORIZONTAL
17731574,UNKNOWN
17731366,UNKNOWN
17732003H1,HORIZONTAL
17733649H1,HORIZONTAL
17733578H1,HORIZONTAL
17730989,UNKNOWN
17730808,UNKNOWN
17731677,UNKNOWN
17732042H3,HORIZONTAL
17733702H1,HORIZONTAL
12332630H1,HORIZONTAL
17732042H4,HORIZONTAL
17733700H1,HORIZONTAL
17733174H1,HORIZONTAL
17731318,UNKNOWN
17733733H1,HORIZONTAL
17732499H1,HORIZONTAL
17731888H1,HORIZONTAL
17733254H1,HORIZONTAL
17733386H1,HORIZONTAL
17732348H1,HORIZONTAL
17700567,UNKNOWN
17732349H1,HORIZONTAL
12334308H1,HORIZONTAL
17731804,UNKNOWN
17733292H1,HORIZONTAL
17732774H1,HORIZONTAL
17733295H1,HORIZONTAL
17732758H1,HORIZONTAL
17730478,UNKNOWN
17730776,UNKNOWN
17731701,UNKNOWN
17731713,UNKNOWN
17731709,UNKNOWN
17700099,UNKNOWN
17732088,UNKNOWN
17731866,UNKNOWN
17732069,UNKNOWN
17730742,UNKNOWN
17731761,UNKNOWN
17731756,UNKNOWN
17730955,UNKNOWN
17733615H1,HORIZONTAL
17733032H1,HORIZONTAL
17732024,UNKNOWN
17730987,UNKNOWN
17731664,UNKNOWN
17733322,UNKNOWN
17731655,UNKNOWN
17730798,UNKNOWN
17730835,UNKNOWN
17730885,UNKNOWN
17731434,UNKNOWN
17733007H1,HORIZONTAL
28533833H1,HORIZONTAL
17731013,UNKNOWN
17731126,UNKNOWN
17730435,UNKNOWN
17730439,UNKNOWN
17730829,UNKNOWN
17733575H1,HORIZONTAL
17731613,UNKNOWN
17731449,UNKNOWN
17720017,UNKNOWN
17731482,UNKNOWN
17780074,UNKNOWN
17731754,UNKNOWN
17731594,UNKNOWN
17730645,UNKNOWN
17733654H1,HORIZONTAL
17733653H1,HORIZONTAL
17731705,UNKNOWN
17731998,UNKNOWN
17732999H1,HORIZONTAL
17700037,UNKNOWN
14933387H1,HORIZONTAL
17731543,UNKNOWN
17733727H1,HORIZONTAL
17732471H1,HORIZONTAL
17733276H1,HORIZONTAL
17732450H1,HORIZONTAL
17733633H1,HORIZONTAL
17732961H1,HORIZONTAL
17733721H1,HORIZONTAL
17732087H1,HORIZONTAL
17732091,UNKNOWN
17733467H1,HORIZONTAL
17730459,UNKNOWN
17733180H1,HORIZONTAL
17732436H1,HORIZONTAL
17730141,UNKNOWN
17731733,UNKNOWN
17731891H1,HORIZONTAL
17732851H1,HORIZONTAL
17732404H1,HORIZONTAL
17733045H1,HORIZONTAL
17732354H1,HORIZONTAL
17732719H1,HORIZONTAL
17731795H1,HORIZONTAL
17733514H1,HORIZONTAL
17732205HW,HORIZONTAL
17733046H1,HORIZONTAL
17733249H1,HORIZONTAL
17732235H1,HORIZONTAL
17732996H1,HORIZONTAL
17731877H1,HORIZONTAL
17731259,UNKNOWN
17732258H1,HORIZONTAL
17732017H3,HORIZONTAL
17732089,UNKNOWN
17731983,UNKNOWN
17700464,UNKNOWN
17700569,UNKNOWN
17732051H1,HORIZONTAL
12333868H1,HORIZONTAL
17732048,UNKNOWN
17732051H2,HORIZONTAL
12333396H1,HORIZONTAL
17731960,UNKNOWN
12333122H1,HORIZONTAL
17732549H1,HORIZONTAL
17732730H1,HORIZONTAL
17732047,UNKNOWN
17733507H1,HORIZONTAL
17700458H1,HORIZONTAL
17732840H1,HORIZONTAL
17732575H1,HORIZONTAL
17732284H1,HORIZONTAL
17732982H1,HORIZONTAL
17732862H1,HORIZONTAL
17732094H1,HORIZONTAL
17733706H1,HORIZONTAL
17733496H1,HORIZONTAL
17732128H1,HORIZONTAL
17731991H1,HORIZONTAL
17700460DW,DIRECTIONAL
17732841H1,HORIZONTAL
17733418H1,HORIZONTAL
17733617H1,HORIZONTAL
17732981H1,HORIZONTAL
17733230H1,HORIZONTAL
17732927H1,HORIZONTAL
12333421H1,HORIZONTAL
12332840H1,HORIZONTAL
17732523H1,HORIZONTAL
17700460D1,DIRECTIONAL
17732863H1,HORIZONTAL
17731749,UNKNOWN
17730951,UNKNOWN
17732051D1,DIRECTIONAL
17730622,UNKNOWN
17732042H2,HORIZONTAL
17733275H1,HORIZONTAL
17733602H1,HORIZONTAL
17732726H1,HORIZONTAL
17732231H1,HORIZONTAL
12334022H1,HORIZONTAL
12332375H1,HORIZONTAL
17732565H1,HORIZONTAL
17733041H1,HORIZONTAL
17731540,UNKNOWN
17730483,UNKNOWN
17731651,UNKNOWN
17731765H1,HORIZONTAL
17731759HW,HORIZONTAL
17732120H1,HORIZONTAL
17730642,UNKNOWN
17731759H1,HORIZONTAL
17730629,UNKNOWN
17732334H1,HORIZONTAL
17730230,UNKNOWN
17730764,UNKNOWN
17730180,UNKNOWN
17730225,UNKNOWN
17731559,UNKNOWN
17730201,UNKNOWN
17730203,UNKNOWN
17730166,UNKNOWN
17731111,UNKNOWN
17730208,UNKNOWN
17733406H1,HORIZONTAL
17732706H1,HORIZONTAL
17732720H1,HORIZONTAL
17732324H1,HORIZONTAL
17731576,UNKNOWN
17730795,UNKNOWN
17731917H3,HORIZONTAL
17731219,UNKNOWN
17731981,UNKNOWN
17731174,UNKNOWN
17731898,UNKNOWN
17731299,UNKNOWN
17731300,UNKNOWN
17732821H1,HORIZONTAL
17732184H1,HORIZONTAL
17731948H2,HORIZONTAL
17731277,UNKNOWN
17733578D2,DIRECTIONAL
17731770H1,HORIZONTAL
17733741H1,HORIZONTAL
17733131H1,HORIZONTAL
17733489H1,HORIZONTAL
17733742H1,HORIZONTAL
17733137H1,HORIZONTAL
17731416,UNKNOWN
17731753H2,HORIZONTAL
17731851HW,HORIZONTAL
17730580,UNKNOWN
17730399,UNKNOWN
17731739,UNKNOWN
17731988,UNKNOWN
17731751,UNKNOWN
17731737,UNKNOWN
17732112H1,HORIZONTAL
17732663H1,HORIZONTAL
17733273H1,HORIZONTAL
17732618H1,HORIZONTAL
17700636,UNKNOWN
12333522H1,HORIZONTAL
17732573H1,HORIZONTAL
17732871H1,HORIZONTAL
17733118H1,HORIZONTAL
17733309H1,HORIZONTAL
17731707,UNKNOWN
17733596H1,HORIZONTAL
12333041H1,HORIZONTAL
17732232H1,HORIZONTAL
17733018H1,HORIZONTAL
17733021H1,HORIZONTAL
17732286H1,HORIZONTAL
17732127H1,HORIZONTAL
17730577,UNKNOWN
17731423,UNKNOWN
17731492,UNKNOWN
17731663,UNKNOWN
17731619,UNKNOWN
17731738,UNKNOWN
17731979H1,HORIZONTAL
17731213,UNKNOWN
17731332,UNKNOWN
17731412,UNKNOWN
17731301,UNKNOWN
17733711H1,HORIZONTAL
17733728H1,HORIZONTAL
17733710H1,HORIZONTAL
17733730H1,HORIZONTAL
17732643H1,HORIZONTAL
17732489H1,HORIZONTAL
17732490H1,HORIZONTAL
17700526,UNKNOWN
17732620H1,HORIZONTAL
17733635H1,HORIZONTAL
17732387H1,HORIZONTAL
17733713H1,HORIZONTAL
12333039H1,HORIZONTAL
17732252H1,HORIZONTAL
12332970H1,HORIZONTAL
17732129H1,HORIZONTAL
12334021H1,HORIZONTAL
17733037H1,HORIZONTAL
17733039H1,HORIZONTAL
17733252H1,HORIZONTAL
17732771H1,HORIZONTAL
17733619H1,HORIZONTAL
17732483H1,HORIZONTAL
17731925H1,HORIZONTAL
17732709H1,HORIZONTAL
17730809,UNKNOWN
17730796,UNKNOWN
17731854H1,HORIZONTAL
17730850H1,HORIZONTAL
17731141,UNKNOWN
17731239,UNKNOWN
17730864,UNKNOWN
17733001H1,HORIZONTAL
17731238,UNKNOWN
17731928H1,HORIZONTAL
17731834,UNKNOWN
17730384,UNKNOWN
17731641,UNKNOWN
17730806,UNKNOWN
17730498H1,HORIZONTAL
17731269,UNKNOWN
17731907H1,HORIZONTAL
17732171H1,HORIZONTAL
17733096H1,HORIZONTAL
17732343H1,HORIZONTAL
17733065H1,HORIZONTAL
17730918,UNKNOWN
17730412,UNKNOWN
17731317,UNKNOWN
17730690,UNKNOWN
17731451,UNKNOWN
17732592H1,HORIZONTAL
17730611,UNKNOWN
17731237,UNKNOWN
17732177H1,HORIZONTAL
17732788H1,HORIZONTAL
17730530,UNKNOWN
17730771,UNKNOWN
17732572H1,HORIZONTAL
17733187H1,HORIZONTAL
17732564H1,HORIZONTAL
17733040H1,HORIZONTAL
17733263H1,HORIZONTAL
17732908H1,HORIZONTAL
17733301H1,HORIZONTAL
17732905H1,HORIZONTAL
17732909H1,HORIZONTAL
17731211,UNKNOWN
17731823H1,HORIZONTAL
17730632,UNKNOWN
17730556,UNKNOWN
17730825,UNKNOWN
17733169H1,HORIZONTAL
17731264,UNKNOWN
17732593H1,HORIZONTAL
17730393,UNKNOWN
17731531,UNKNOWN
17731661,UNKNOWN
17731544,UNKNOWN
17731124,UNKNOWN
17732342,UNKNOWN
17732751H1,HORIZONTAL
17732117H1,HORIZONTAL
17730414,UNKNOWN
17730644,UNKNOWN
17731925HW,HORIZONTAL
17732794H1,HORIZONTAL
17732078H1,HORIZONTAL
17731892H1,HORIZONTAL
17732448H1,HORIZONTAL
17733594H1,HORIZONTAL
12333993H1,HORIZONTAL
12332971H1,HORIZONTAL
17732903H1,HORIZONTAL
17732633H1,HORIZONTAL
17733027H1,HORIZONTAL
17732688H1,HORIZONTAL
17733562H1,HORIZONTAL
17733563H1,HORIZONTAL
17780095,UNKNOWN
17731041,UNKNOWN
17731533,UNKNOWN
17731849H1,HORIZONTAL
17731386,UNKNOWN
17732543H1,HORIZONTAL
17732544H1,HORIZONTAL
12334152H1,HORIZONTAL
17731147,UNKNOWN
17732180H1,HORIZONTAL
17730927,UNKNOWN
17733288H1,HORIZONTAL
17733166H1,HORIZONTAL
17732170H1,HORIZONTAL
17733383H1,HORIZONTAL
17733178H1,HORIZONTAL
17732100H1,HORIZONTAL
17732915H1,HORIZONTAL
17733148H1,HORIZONTAL
12333903H1,HORIZONTAL
17732516H1,HORIZONTAL
17730898,UNKNOWN
17731087,UNKNOWN
17731885H1,HORIZONTAL
17732516H2,HORIZONTAL
17732294H1,HORIZONTAL
17731968,UNKNOWN
17731418,UNKNOWN
17730410,UNKNOWN
17780044,UNKNOWN
17731382,UNKNOWN
17731387,UNKNOWN
17730464,UNKNOWN
17732772H1,HORIZONTAL
17733620H1,HORIZONTAL
17732340H1,HORIZONTAL
17732899H1,HORIZONTAL
17733548H1,HORIZONTAL
17733157H1,HORIZONTAL
17731309,UNKNOWN
17733155H1,HORIZONTAL
17732281H1,HORIZONTAL
17731859H1,HORIZONTAL
17732305H1,HORIZONTAL
17732323H1,HORIZONTAL
17732308H1,HORIZONTAL
17732300H1,HORIZONTAL
17732183HW,HORIZONTAL
17732306H1,HORIZONTAL
17732298H1,HORIZONTAL
17700650,UNKNOWN
17731534,UNKNOWN
17731699,UNKNOWN
17731489,UNKNOWN
17733608H1,HORIZONTAL
17732857H1,HORIZONTAL
17733431H1,HORIZONTAL
17733429H1,HORIZONTAL
17733192H1,HORIZONTAL
17732143H1,HORIZONTAL
17732665H1,HORIZONTAL
17732755H1,HORIZONTAL
17732576H1,HORIZONTAL
17732745H1,HORIZONTAL
17733107H1,HORIZONTAL
17730721,UNKNOWN
17732297H1,HORIZONTAL
17732529H1,HORIZONTAL
17732704H1,HORIZONTAL
17733625H1,HORIZONTAL
17733666H1,HORIZONTAL
17733341H1,HORIZONTAL
17731516,UNKNOWN
17731637,UNKNOWN
17733641H1,HORIZONTAL
17732113H1,HORIZONTAL
17732197H1,HORIZONTAL
17732724H1,HORIZONTAL
17730574,UNKNOWN
17700588,UNKNOWN
17731935H1,HORIZONTAL
17731893H1,HORIZONTAL
17732993H1,HORIZONTAL
17730507,UNKNOWN
17730907HW,HORIZONTAL
17731016,UNKNOWN
17732399H1,HORIZONTAL
17732425H1,HORIZONTAL
17732182H1,HORIZONTAL
17732567H1,HORIZONTAL
17733013H1,HORIZONTAL
17732705H1,HORIZONTAL
17731058,UNKNOWN
17732424H1,HORIZONTAL
17732465H1,HORIZONTAL
17732481H1,HORIZONTAL
17732791H1,HORIZONTAL
17733234H1,HORIZONTAL
17732126H1,HORIZONTAL
17700638,UNKNOWN
17732607H1,HORIZONTAL
17733114H1,HORIZONTAL
17732935H1,HORIZONTAL
17732011H1,HORIZONTAL
17732530H1,HORIZONTAL
17732319H1,HORIZONTAL
17732767H1,HORIZONTAL
17732379H1,HORIZONTAL
17732759H1,HORIZONTAL
17731702,UNKNOWN
17730972,UNKNOWN
17731116,UNKNOWN
17730693,UNKNOWN
17730732,UNKNOWN
17780108,UNKNOWN
17731463,UNKNOWN
17730604,UNKNOWN
17733657H1,HORIZONTAL
17732111H1,HORIZONTAL
12333037H1,HORIZONTAL
17732098H1,HORIZONTAL
17733000H1,HORIZONTAL
17732341H1,HORIZONTAL
17733036H1,HORIZONTAL
17732679H1,HORIZONTAL
17730200,UNKNOWN
17732583H1,HORIZONTAL
17732561H1,HORIZONTAL
17732144H1,HORIZONTAL
17732415H1,HORIZONTAL
17732422H1,HORIZONTAL
17731335,UNKNOWN
17730762,UNKNOWN
17731329,UNKNOWN
17730209,UNKNOWN
17731008,UNKNOWN
17730935,UNKNOWN
17730446,UNKNOWN
17731611,UNKNOWN
17732296H1,HORIZONTAL
17731650,UNKNOWN
17733673H1,HORIZONTAL
17733674H1,HORIZONTAL
17733873H1,HORIZONTAL
17733771H1,HORIZONTAL
17733769H1,HORIZONTAL
17733765H1,HORIZONTAL
17733800H1,HORIZONTAL
17733697H1,HORIZONTAL
17734008H1,HORIZONTAL
17734212H1,HORIZONTAL
17734215H1,HORIZONTAL
17733506H1,HORIZONTAL
12334423H1,HORIZONTAL
17734279H1,HORIZONTAL
17733756H1,HORIZONTAL
17733083H1,HORIZONTAL
17733334H1,HORIZONTAL
17733804H1,HORIZONTAL
17733868H1,HORIZONTAL
17730772,UNKNOWN
17731990,UNKNOWN
17733862H1,HORIZONTAL
17733089H1,HORIZONTAL
17732913H1,HORIZONTAL
17733085H1,HORIZONTAL
17730601,UNKNOWN
17730785,UNKNOWN
17730510,UNKNOWN
17732526H1,HORIZONTAL
17730425,UNKNOWN
17731045,UNKNOWN
17733278H1,HORIZONTAL
17730594,UNKNOWN
17730440,UNKNOWN
17730395H1,HORIZONTAL
17730463,UNKNOWN
17730589,UNKNOWN
17732590H1,HORIZONTAL
17730497,UNKNOWN
17730205,UNKNOWN
17733456H1,HORIZONTAL
17734186H1,HORIZONTAL
17734159H1,HORIZONTAL
17734160H1,HORIZONTAL
17732621H1,HORIZONTAL
17732924H1,HORIZONTAL
17732756H1,HORIZONTAL
12334033H1,HORIZONTAL
17733477H1,HORIZONTAL
17733526H1,HORIZONTAL
17731078,UNKNOWN
17733457H1,HORIZONTAL
17730996,UNKNOWN
17733023H1,HORIZONTAL
17733280H1,HORIZONTAL
17733795H1,HORIZONTAL
17733678H1,HORIZONTAL
17733679H1,HORIZONTAL
17731910H1,HORIZONTAL
17733244H1,HORIZONTAL
17730653,UNKNOWN
17731884H1,HORIZONTAL
17732229H1,HORIZONTAL
17732396H1,HORIZONTAL
17732395H1,HORIZONTAL
17732228H1,HORIZONTAL
17732631H1,HORIZONTAL
17732468H1,HORIZONTAL
17732362H1,HORIZONTAL
17732363H1,HORIZONTAL
17732972H1,HORIZONTAL
17732723H1,HORIZONTAL
17732226H1,HORIZONTAL
17732414HW,HORIZONTAL
17732360H1,HORIZONTAL
17732542H1,HORIZONTAL
17732414H1,HORIZONTAL
17731816H1,HORIZONTAL
17733100H1,HORIZONTAL
17732417H1,HORIZONTAL
17733116H1,HORIZONTAL
17732574H1,HORIZONTAL
17731887H1,HORIZONTAL
17732178H1,HORIZONTAL
17730768,UNKNOWN
17732214H1,HORIZONTAL
17732179H1,HORIZONTAL
17732213H1,HORIZONTAL
17732856H1,HORIZONTAL
17730704,UNKNOWN
17730899,UNKNOWN
17731810,UNKNOWN
17733245H1,HORIZONTAL
17732944H1,HORIZONTAL
17730896,UNKNOWN
17732357H1,HORIZONTAL
17731046,UNKNOWN
17732174H1,HORIZONTAL
17732447H1,HORIZONTAL
17732953H1,HORIZONTAL
17732102H1,HORIZONTAL
17732199H1,HORIZONTAL
17732792H1,HORIZONTAL
17732739H1,HORIZONTAL
17732201,UNKNOWN
17732740H1,HORIZONTAL
17732200H1,HORIZONTAL
17732095H1,HORIZONTAL
17730137H1,HORIZONTAL
17732082,UNKNOWN
17732355H1,HORIZONTAL
17732104H1,HORIZONTAL
17732077,UNKNOWN
17732108H1,HORIZONTAL
17730137HW,HORIZONTAL
17732962H1,HORIZONTAL
17732194H1,HORIZONTAL
17730670,UNKNOWN
17731926H1,HORIZONTAL
17731643,UNKNOWN
17731599,UNKNOWN
17730718,UNKNOWN
17731863H1,HORIZONTAL
17731275,UNKNOWN
17731775H1,HORIZONTAL
17731838H1,HORIZONTAL
17731502,UNKNOWN
17731226,UNKNOWN
17732021,UNKNOWN
17730984,UNKNOWN
17730980,UNKNOWN
17731486,UNKNOWN
17731953H1,HORIZONTAL
17731287,UNKNOWN
17731070,UNKNOWN
17731351,UNKNOWN
17730949,UNKNOWN
17730856,UNKNOWN
17731684,UNKNOWN
17731199,UNKNOWN
17731503,UNKNOWN
17731396,UNKNOWN
17731438,UNKNOWN
17731123,UNKNOWN
17731383,UNKNOWN
17730911,UNKNOWN
17733382H1,HORIZONTAL
17731835,UNKNOWN
17730910,UNKNOWN
17731218,UNKNOWN
17731431,UNKNOWN
17731485,UNKNOWN
17731389,UNKNOWN
17730998,UNKNOWN
17730801,UNKNOWN
17731024,UNKNOWN
17731266,UNKNOWN
17731381,UNKNOWN
17731628,UNKNOWN
17731114,UNKNOWN
17731128,UNKNOWN
17731580,UNKNOWN
17731195,UNKNOWN
17731325,UNKNOWN
17733374H1,HORIZONTAL
17731314,UNKNOWN
17731297,UNKNOWN
17731284,UNKNOWN
17731270,UNKNOWN
17731341,UNKNOWN
17731191,UNKNOWN
17731343,UNKNOWN
17732795,UNKNOWN
17731205,UNKNOWN
17731561,UNKNOWN
17730950,UNKNOWN
17731355,UNKNOWN
17731686,UNKNOWN
17731175,UNKNOWN
17731488,UNKNOWN
17731632,UNKNOWN
17731127,UNKNOWN
17730941,UNKNOWN
17731499,UNKNOWN
17731196HW,HORIZONTAL
17731476,UNKNOWN
17731536,UNKNOWN
17731445,UNKNOWN
17730635,UNKNOWN
17730779,UNKNOWN
17731155,UNKNOWN
17730824,UNKNOWN
17731494,UNKNOWN
17731080,UNKNOWN
17731397,UNKNOWN
17731189,UNKNOWN
17731056,UNKNOWN
17731283,UNKNOWN
17731254H1,HORIZONTAL
17731081,UNKNOWN
17731326HW,HORIZONTAL
17731161,UNKNOWN
17731583,UNKNOWN
17731169,UNKNOWN
17733735,UNKNOWN
17731076,UNKNOWN
17731235,UNKNOWN
17730685,UNKNOWN
17731279,UNKNOWN
17731044,UNKNOWN
17730931,UNKNOWN
17731549,UNKNOWN
17731687,UNKNOWN
17780070,UNKNOWN
17730922,UNKNOWN
17731231,UNKNOWN
17730770,UNKNOWN
17730797,UNKNOWN
17731690,UNKNOWN
17731188,UNKNOWN
17731280,UNKNOWN
17730692,UNKNOWN
17732210H1,HORIZONTAL
17732439H1,HORIZONTAL
17732762H1,HORIZONTAL
17732375H1,HORIZONTAL
17730599,UNKNOWN
17732241H1,HORIZONTAL
17732325HW,HORIZONTAL
17733260H1,HORIZONTAL
17733071H1,HORIZONTAL
17733259H1,HORIZONTAL
17733070H1,HORIZONTAL
17733629H1,HORIZONTAL
17733214H1,HORIZONTAL
17732336H1,HORIZONTAL
17732150H1,HORIZONTAL
17732264H1,HORIZONTAL
17731768,UNKNOWN
17732211H1,HORIZONTAL
17700653,UNKNOWN
17731843H1,HORIZONTAL
17732029,UNKNOWN
17731904H1,HORIZONTAL
17730114,UNKNOWN
17731911,UNKNOWN
17731665,UNKNOWN
17731832H1,HORIZONTAL
17730925,UNKNOWN
17730939,UNKNOWN
17730586,UNKNOWN
17730679,UNKNOWN
17731071,UNKNOWN
17731581,UNKNOWN
17731703,UNKNOWN
17732234H1,HORIZONTAL
17733522H1,HORIZONTAL
17730633H1,HORIZONTAL
17730120,UNKNOWN
17730123,UNKNOWN
17731028,UNKNOWN
17730968,UNKNOWN
17731511,UNKNOWN
17732074H1,HORIZONTAL
17731630,UNKNOWN
17732054,UNKNOWN
17731936H1,HORIZONTAL
17730659,UNKNOWN
17732242,UNKNOWN
17732072,UNKNOWN
17733145H1,HORIZONTAL
17731506,UNKNOWN
17733277,UNKNOWN
17731372,UNKNOWN
17733692H1,HORIZONTAL
12333286H1,HORIZONTAL
17731519,UNKNOWN
17733601H1,HORIZONTAL
17733203H1,HORIZONTAL
17732476H1,HORIZONTAL
17732075H1,HORIZONTAL
17730855,UNKNOWN
17730700,UNKNOWN
17731380,UNKNOWN
17732036,UNKNOWN
17732405H1,HORIZONTAL
17730836,UNKNOWN
17731487,UNKNOWN
17730712,UNKNOWN
17730538H1,HORIZONTAL
17730852,UNKNOWN
17731464,UNKNOWN
17780008,UNKNOWN
17731785H1,HORIZONTAL
17732009,UNKNOWN
17731421,UNKNOWN
17731868,UNKNOWN
17732586H2,HORIZONTAL
17730535,UNKNOWN
17731945,UNKNOWN
17732331H1,HORIZONTAL
17730555,UNKNOWN
17732059,UNKNOWN
17731729,UNKNOWN
17732063,UNKNOWN
17731113,UNKNOWN
17731212,UNKNOWN
17730529,UNKNOWN
17731722,UNKNOWN
17732288H1,HORIZONTAL
17700141,UNKNOWN
17730684,UNKNOWN
17780110,UNKNOWN
17730571,UNKNOWN
17730833,UNKNOWN
17731467,UNKNOWN
17730766,UNKNOWN
17730528,UNKNOWN
17731210,UNKNOWN
17733175H1,HORIZONTAL
17731220,UNKNOWN
17731766H1,HORIZONTAL
17733587H1,HORIZONTAL
17731812H1,HORIZONTAL
17731830D2,DIRECTIONAL
17730613,UNKNOWN
17731426,UNKNOWN
17732987H1,HORIZONTAL
17730618,UNKNOWN
17731987H1,HORIZONTAL
17731875H1,HORIZONTAL
17732247H1,HORIZONTAL
17731987H2,HORIZONTAL
17731902H1,HORIZONTAL
17731798H1,HORIZONTAL
17732043H1,HORIZONTAL
17732708H1,HORIZONTAL
17732125H1,HORIZONTAL
17730750H3,HORIZONTAL
17730665,UNKNOWN
17730637,UNKNOWN
17731353,UNKNOWN
17730853,UNKNOWN
17732086,UNKNOWN
17731027,UNKNOWN
17730982,UNKNOWN
17731996,UNKNOWN
17731359,UNKNOWN
17731550,UNKNOWN
17730887,UNKNOWN
17731363,UNKNOWN
17731745,UNKNOWN
17730760,UNKNOWN
17732012,UNKNOWN
17730736,UNKNOWN
17732266H1,HORIZONTAL
149,UNKNOWN
17733172H1,HORIZONTAL
17732670H1,HORIZONTAL
17733553H1,HORIZONTAL
17733170H1,HORIZONTAL
17732998H1,HORIZONTAL
17731912HW,HORIZONTAL
17731064,UNKNOWN
14933389H1,HORIZONTAL
14933390H1,HORIZONTAL
17730184,UNKNOWN
14933391H1,HORIZONTAL
14933392H1,HORIZONTAL
17732780H1,HORIZONTAL
17730773,UNKNOWN
17731912H1,HORIZONTAL
17731484,UNKNOWN
17731029,UNKNOWN
17730840,UNKNOWN
17730553,UNKNOWN
17730967,UNKNOWN
17731596,UNKNOWN
17732026,UNKNOWN
17733218H1,HORIZONTAL
17733695H1,HORIZONTAL
17732391H1,HORIZONTAL
17733216H1,HORIZONTAL
17733056H1,HORIZONTAL
17730788,UNKNOWN
17733472H1,HORIZONTAL
17730845,UNKNOWN
17732013,UNKNOWN
17732007,UNKNOWN
17730699,UNKNOWN
17730962,UNKNOWN
17733317,UNKNOWN
17731457,UNKNOWN
17730504,UNKNOWN
17731715,UNKNOWN
17730842,UNKNOWN
17730777,UNKNOWN
17731011,UNKNOWN
17732070,UNKNOWN
17732223HW,HORIZONTAL
17730391,UNKNOWN
17731038,UNKNOWN
17731760,UNKNOWN
17730871,UNKNOWN
17731515,UNKNOWN
17730223,UNKNOWN
17732020H1,HORIZONTAL
17731555,UNKNOWN
17731957,UNKNOWN
17730630H1,HORIZONTAL
17730792,UNKNOWN
17730590,UNKNOWN
17733015H1,HORIZONTAL
17733015H2,HORIZONTAL
17731833H1,HORIZONTAL
17731915HW,HORIZONTAL
17733224H1,HORIZONTAL
17730457,UNKNOWN
17733223H1,HORIZONTAL
17731914H1,HORIZONTAL
17733049H1,HORIZONTAL
17730609,UNKNOWN
17733238H1,HORIZONTAL
17732979H1,HORIZONTAL
17730816,UNKNOWN
17730406,UNKNOWN
17731886,UNKNOWN
17733425H1,HORIZONTAL
17733134H1,HORIZONTAL
17733395H1,HORIZONTAL
17730892,UNKNOWN
17732671H1,HORIZONTAL
17732451H1,HORIZONTAL
17733392H1,HORIZONTAL
17732668H1,HORIZONTAL
17730991,UNKNOWN
17733461H1,HORIZONTAL
17733464H1,HORIZONTAL
17730897,UNKNOWN
17732600H1,HORIZONTAL
17732605H1,HORIZONTAL
17732505H1,HORIZONTAL
17733663H1,HORIZONTAL
17731943,UNKNOWN
17731106,UNKNOWN
17731951H1,HORIZONTAL
17733432H1,HORIZONTAL
17733308H1,HORIZONTAL
17732604H1,HORIZONTAL
17732630H1,HORIZONTAL
12333786H1,HORIZONTAL
17733603H1,HORIZONTAL
17732651H1,HORIZONTAL
17733305H1,HORIZONTAL
17732652H1,HORIZONTAL
12334226H1,HORIZONTAL
17732653H1,HORIZONTAL
17731901H1,HORIZONTAL
17733419H1,HORIZONTAL
17733512H1,HORIZONTAL
17733298H1,HORIZONTAL
17700452,UNKNOWN
17732702H1,HORIZONTAL
17732616H1,HORIZONTAL
17732635H1,HORIZONTAL
12333213H1,HORIZONTAL
17733751H1,HORIZONTAL
17733753H1,HORIZONTAL
17730971,UNKNOWN
17730943,UNKNOWN
17730698,UNKNOWN
17730729,UNKNOWN
17733191H1,HORIZONTAL
17730983,UNKNOWN
17730876,UNKNOWN
17731313,UNKNOWN
17731292,UNKNOWN
17733025H1,HORIZONTAL
17730784,UNKNOWN
17733012H1,HORIZONTAL
17731820H1,HORIZONTAL
17731685,UNKNOWN
17732267H1,HORIZONTAL
17732155H1,HORIZONTAL
17731173,UNKNOWN
17731145,UNKNOWN
17731905H1,HORIZONTAL
17732262HW,HORIZONTAL
17733333H1,HORIZONTAL
17732010H1,HORIZONTAL
17731278,UNKNOWN
17731246,UNKNOWN
17732162HW,HORIZONTAL
17731959H1,HORIZONTAL
17731787H1,HORIZONTAL
17731870H1,HORIZONTAL
17732435H1,HORIZONTAL
17731897H2,HORIZONTAL
17731923H1,HORIZONTAL
17732777H1,HORIZONTAL
17731799H2,HORIZONTAL
17731878H1,HORIZONTAL
17733237H1,HORIZONTAL
17733233H1,HORIZONTAL
17733227H1,HORIZONTAL
17732825H1,HORIZONTAL
17733572H1,HORIZONTAL
17733158H1,HORIZONTAL
17732553H1,HORIZONTAL
17733086H1,HORIZONTAL
17733082H1,HORIZONTAL
17732933H1,HORIZONTAL
17732812H1,HORIZONTAL
17732810H1,HORIZONTAL
12333085H1,HORIZONTAL
12333043H1,HORIZONTAL
17732278H1,HORIZONTAL
17732985H1,HORIZONTAL
17732696H1,HORIZONTAL
17732753H1,HORIZONTAL
17732977H1,HORIZONTAL
17732976H1,HORIZONTAL
17733515H1,HORIZONTAL
17731068,UNKNOWN
17730813,UNKNOWN
17731841H1,HORIZONTAL
17730650,UNKNOWN
17731952H1,HORIZONTAL
17730674,UNKNOWN
17733516,UNKNOWN
17733222H1,HORIZONTAL
17730545,UNKNOWN
17730838,UNKNOWN
17733031H1,HORIZONTAL
17731167,UNKNOWN
17731930HW,HORIZONTAL
17733699H1,HORIZONTAL
17730979,UNKNOWN
17731985H1,HORIZONTAL
17731867H1,HORIZONTAL
17730640,UNKNOWN
17731133,UNKNOWN
17731895H1,HORIZONTAL
17730596,UNKNOWN
17730612,UNKNOWN
17731883H1,HORIZONTAL
17733212H1,HORIZONTAL
17731917H2,HORIZONTAL
17731882HW,HORIZONTAL
17733038H1,HORIZONTAL
17733500H1,HORIZONTAL
17731934H1,HORIZONTAL
17733053H1,HORIZONTAL
17732882H1,HORIZONTAL
17733104H1,HORIZONTAL
17730517,UNKNOWN
17731932H1,HORIZONTAL
17733101,UNKNOWN
17733397H1,HORIZONTAL
17731232,UNKNOWN
17731290,UNKNOWN
17730212,UNKNOWN
17730843,UNKNOWN
17732273HW,HORIZONTAL
17730900,UNKNOWN
17732164H1,HORIZONTAL
17733471H1,HORIZONTAL
17780064,UNKNOWN
17733251H1,HORIZONTAL
17733435H1,HORIZONTAL
17730919,UNKNOWN
17732189H1,HORIZONTAL
17731391,UNKNOWN
17733353H1,HORIZONTAL
17733196H1,HORIZONTAL
17732838H1,HORIZONTAL
17730944,UNKNOWN
17731224,UNKNOWN
17733498H1,HORIZONTAL
17732185H1,HORIZONTAL
17731433,UNKNOWN
17732205H1,HORIZONTAL
17730656,UNKNOWN
17730426,UNKNOWN
17730942,UNKNOWN
17732773H1,HORIZONTAL
17730681,UNKNOWN
17732203H1,HORIZONTAL
17732269H1,HORIZONTAL
17730993,UNKNOWN
17733411H1,HORIZONTAL
17732873H1,HORIZONTAL
17730774,UNKNOWN
17733354H1,HORIZONTAL
17733239D1,DIRECTIONAL
17732874H1,HORIZONTAL
17733478,UNKNOWN
17732943H1,HORIZONTAL
17730666,UNKNOWN
17732942H1,HORIZONTAL
17732597H1,HORIZONTAL
17732202H1,HORIZONTAL
17730926,UNKNOWN
17732206H1,HORIZONTAL
17731118,UNKNOWN
17731179,UNKNOWN
17730392,UNKNOWN
17732870H1,HORIZONTAL
17733243H1,HORIZONTAL
17732869H1,HORIZONTAL
17733067H1,HORIZONTAL
17730723,UNKNOWN
17733350H1,HORIZONTAL
17730605,UNKNOWN
17730695,UNKNOWN
17733285H1,HORIZONTAL
17731874H1,HORIZONTAL
17731140,UNKNOWN
17730965,UNKNOWN
17732195H1,HORIZONTAL
17730398,UNKNOWN
17730733,UNKNOWN
17732283,UNKNOWN
17730988,UNKNOWN
17732081H1,HORIZONTAL
17731268,UNKNOWN
17780013,UNKNOWN
17731005,UNKNOWN
17700586,UNKNOWN
17733381H1,HORIZONTAL
17731571,UNKNOWN
17732244H1,HORIZONTAL
17731096,UNKNOWN
17733286H1,HORIZONTAL
17731649,UNKNOWN
17731995,UNKNOWN
17731535,UNKNOWN
17732291,UNKNOWN
17731159,UNKNOWN
17731342,UNKNOWN
17731067,UNKNOWN
17731040,UNKNOWN
17731020,UNKNOWN
17731236,UNKNOWN
17731913,UNKNOWN
17733300H1,HORIZONTAL
17732249H1,HORIZONTAL
17733299H1,HORIZONTAL
17731896H1,HORIZONTAL
17731190,UNKNOWN
17730903,UNKNOWN
17731623,UNKNOWN
17731822,UNKNOWN
17732015H1,HORIZONTAL
17731792H1,HORIZONTAL
17731941,UNKNOWN
17730673,UNKNOWN
17730233,UNKNOWN
17730204,UNKNOWN
17730228,UNKNOWN
17730756,UNKNOWN
17731741,UNKNOWN
17730207,UNKNOWN
17733022H1,HORIZONTAL
17731586,UNKNOWN
17731291,UNKNOWN
17731473,UNKNOWN
17732674,UNKNOWN
17730634,UNKNOWN
17730751,UNKNOWN
17730625,UNKNOWN
17730390,UNKNOWN
17730395HW,HORIZONTAL
17730904,UNKNOWN
17733363H1,HORIZONTAL
17733366H1,HORIZONTAL
17732337H1,HORIZONTAL
17731965,UNKNOWN
17733103H1,HORIZONTAL
17731862H1,HORIZONTAL
17732603H1,HORIZONTAL
17731177,UNKNOWN
17732667H1,HORIZONTAL
17732588,UNKNOWN
17732824H1,HORIZONTAL
17731864H1,HORIZONTAL
17733683H1,HORIZONTAL
17733681H1,HORIZONTAL
17732749H1,HORIZONTAL
17733362H1,HORIZONTAL
17733481H1,HORIZONTAL
17730891H1,HORIZONTAL
17733482H1,HORIZONTAL
17732890H1,HORIZONTAL
17732570H1,HORIZONTAL
17731852H1,HORIZONTAL
17733426H1,HORIZONTAL
12334346H1,HORIZONTAL
12334342H1,HORIZONTAL
12334344H1,HORIZONTAL
17733748H1,HORIZONTAL
17733764,UNKNOWN
17733758H1,HORIZONTAL
17733877H1,HORIZONTAL
17733878H1,HORIZONTAL
17734026H1,HORIZONTAL
17733864,UNKNOWN
17733921H1,HORIZONTAL
17733987,UNKNOWN
17733782H1,HORIZONTAL
17733881H1,HORIZONTAL
12334508H1,HORIZONTAL
12334509H1,HORIZONTAL
12334510H1,HORIZONTAL
17733946H1,HORIZONTAL
17733960H1,HORIZONTAL
17733958H1,HORIZONTAL
17733992H1,HORIZONTAL
17733784H1,HORIZONTAL
12334370H1,HORIZONTAL
12334371H1,HORIZONTAL
12334372H1,HORIZONTAL
17733823H1,HORIZONTAL
17733824H1,HORIZONTAL
17733827H1,HORIZONTAL
17733840,HORIZONTAL
12334665H1,HORIZONTAL
17734042H1,HORIZONTAL
17733829H2,HORIZONTAL
25536034H1,HORIZONTAL
17734010H1,HORIZONTAL
17734104H1,HORIZONTAL
17734055H1,HORIZONTAL
17734057H1,HORIZONTAL
17733903H1,HORIZONTAL
17734015H1,HORIZONTAL
17734016H1,HORIZONTAL
17734018H1,HORIZONTAL
17733956H1,HORIZONTAL
17733974,UNKNOWN
17734124H1,HORIZONTAL
17734125H1,HORIZONTAL
17734126H1,HORIZONTAL
12334762H1,HORIZONTAL
12334774H1,HORIZONTAL
17731558,UNKNOWN
17734021H1,HORIZONTAL
17733867H1,HORIZONTAL
17733871H1,HORIZONTAL
12334647H1,HORIZONTAL
12334648H1,HORIZONTAL
17734130H1,HORIZONTAL
17734133H1,HORIZONTAL
17733852H1,HORIZONTAL
17733853H1,HORIZONTAL
17733854H1,HORIZONTAL
17733870H1,HORIZONTAL
17733935H1,HORIZONTAL
17733937H1,HORIZONTAL
12334457H1,HORIZONTAL
12334459H1,HORIZONTAL
17733917H1,HORIZONTAL
12334721H1,HORIZONTAL
17733984H1,HORIZONTAL
17734025H1,HORIZONTAL
17733879H1,HORIZONTAL
17733989H1,HORIZONTAL
17734317H1,HORIZONTAL
17733976H1,HORIZONTAL
17734110H1,HORIZONTAL
17734327H1,HORIZONTAL
17734329H1,HORIZONTAL
17734332H1,HORIZONTAL
17733978H1,HORIZONTAL
17734029H1,HORIZONTAL
17734049H1,HORIZONTAL
17733979H1,HORIZONTAL
17733980H1,HORIZONTAL
17733983H1,HORIZONTAL
17734073H1,HORIZONTAL
17733814H1,HORIZONTAL
17734031H1,HORIZONTAL
17734033H1,HORIZONTAL
17734052H1,HORIZONTAL
17734083H1,HORIZONTAL
17734034H1,HORIZONTAL
17734085H1,HORIZONTAL
17734147H1,HORIZONTAL
17734193H1,HORIZONTAL
17734195H1,HORIZONTAL
17734190H1,HORIZONTAL
17734191H1,HORIZONTAL
17734036H1,HORIZONTAL
12334736H1,HORIZONTAL
12334737H1,HORIZONTAL
17734116H1,HORIZONTAL
17734172H1,HORIZONTAL
17734173H1,HORIZONTAL
12334738H1,HORIZONTAL
17734092H1,HORIZONTAL
17734114H1,HORIZONTAL
17734198H1,HORIZONTAL
17734094H1,HORIZONTAL
17734135H1,HORIZONTAL
17734175H1,HORIZONTAL
17734176H1,HORIZONTAL
17734200H1,HORIZONTAL
17734227H1,HORIZONTAL
17734229H1,HORIZONTAL
17734257H1,HORIZONTAL
17734258H1,HORIZONTAL
17731954H2,HORIZONTAL
17734063H1,HORIZONTAL
17734064H1,HORIZONTAL
17734205H1,HORIZONTAL
17734210H1,HORIZONTAL
17734233,UNKNOWN
17734236H1,HORIZONTAL
17733963H1,HORIZONTAL
17734118H1,HORIZONTAL
17734280H1,HORIZONTAL
17734304H1,HORIZONTAL
17734044H1,HORIZONTAL
17734078H1,HORIZONTAL
17733819H1,HORIZONTAL
17733820H1,HORIZONTAL
17733972H1,HORIZONTAL
17734023H1,HORIZONTAL
17734022H1,HORIZONTAL
17734066H1,HORIZONTAL
17734065H1,HORIZONTAL
17734067H1,HORIZONTAL
17734068H1,HORIZONTAL
17734069H1,HORIZONTAL
17734168H1,HORIZONTAL
28534146H1,HORIZONTAL
17734070H1,HORIZONTAL
17700459,UNKNOWN
17734310H1,HORIZONTAL
17734467H1,HORIZONTAL
17734469H1,HORIZONTAL
17734471H1,HORIZONTAL
17734479H1,HORIZONTAL
17734499H1,HORIZONTAL
17734504H1,HORIZONTAL
17734502H1,HORIZONTAL
17734503H1,HORIZONTAL
17734586H1,HORIZONTAL
17734532H1,HORIZONTAL
17734493H1,HORIZONTAL
17734441H1,HORIZONTAL
17734443H1,HORIZONTAL
17734444H1,HORIZONTAL
17734533H1,HORIZONTAL
17734539H1,HORIZONTAL
17734564H1,HORIZONTAL
17734566H1,HORIZONTAL
17734592H1,HORIZONTAL
17734407H1,HORIZONTAL
17734552H1,HORIZONTAL
17734567H1,HORIZONTAL
17734575H1,HORIZONTAL
17734576H1,HORIZONTAL
17734497H1,HORIZONTAL
17734498H1,HORIZONTAL
17734555H1,HORIZONTAL
17734594H1,HORIZONTAL
17734595H1,HORIZONTAL
17734543H1,HORIZONTAL
17734473H1,HORIZONTAL
17734474H1,HORIZONTAL
17734490H1,HORIZONTAL
17734546H1,HORIZONTAL
17734579H1,HORIZONTAL
17734580H1,HORIZONTAL
17734583H1,HORIZONTAL
17734600H1,HORIZONTAL
17734465H1,HORIZONTAL
17734351H1,HORIZONTAL
17734354H1,HORIZONTAL
17734476H1,HORIZONTAL
17734359H1,HORIZONTAL
17734362H1,HORIZONTAL
17734486H1,HORIZONTAL
17734337H2,HORIZONTAL
17734418H1,HORIZONTAL
17734491,UNKNOWN
17734528,UNKNOWN
17734602H1,HORIZONTAL
17734603H1,HORIZONTAL
17734488,UNKNOWN
28534234H1,HORIZONTAL
17734452H2,HORIZONTAL
17734561H1,HORIZONTAL
17734562H1,HORIZONTAL
17734477H1,HORIZONTAL
17734524H1,HORIZONTAL
17734530H1,HORIZONTAL
17734373H1,HORIZONTAL
17734435H1,HORIZONTAL
17734466H1,HORIZONTAL
17734436H1,HORIZONTAL
17734265H1,HORIZONTAL
17734266H1,HORIZONTAL
17734267H1,HORIZONTAL
17734272H1,HORIZONTAL
17734278H1,HORIZONTAL
17734376H1,HORIZONTAL
17734395H1,HORIZONTAL
17734396H1,HORIZONTAL
28534182H1,HORIZONTAL
17734432H1,HORIZONTAL
17734285H1,HORIZONTAL
17734287H1,HORIZONTAL
17734377H1,HORIZONTAL
17734379H1,HORIZONTAL
17734380H1,HORIZONTAL
17734458H1,HORIZONTAL
28534184H1,HORIZONTAL
17734399H1,HORIZONTAL
17734438H1,HORIZONTAL
17734241H1,HORIZONTAL
17734297H1,HORIZONTAL
17734364H1,HORIZONTAL
17734404H1,HORIZONTAL
17734446H1,HORIZONTAL
17733888H1,HORIZONTAL
28534169H1,HORIZONTAL
17733889H1,HORIZONTAL
17733892H1,HORIZONTAL
12334525H1,HORIZONTAL
17733891H1,HORIZONTAL
17734305H1,HORIZONTAL
12334528H1,HORIZONTAL
12334529H1,HORIZONTAL
17734156,UNKNOWN
17734250H1,HORIZONTAL
17734307H1,HORIZONTAL
17734308H1,HORIZONTAL
17734157H1,HORIZONTAL
28534197H1,HORIZONTAL
28534196H1,HORIZONTAL
17733847H1,HORIZONTAL
17734158H1,HORIZONTAL
17734254H1,HORIZONTAL
17734318H1,HORIZONTAL
17734320H1,HORIZONTAL
17734366H1,HORIZONTAL
17734368H1,HORIZONTAL
17734369H1,HORIZONTAL
17734420H1,HORIZONTAL
12335097H1,HORIZONTAL
12335098H1,HORIZONTAL
12335099H1,HORIZONTAL
12335100H1,HORIZONTAL
17733859H1,HORIZONTAL
17733860H1,HORIZONTAL
17734333H1,HORIZONTAL
17734334H1,HORIZONTAL
17734408H1,HORIZONTAL
17734409H1,HORIZONTAL
17734456H1,HORIZONTAL
17734389H1,HORIZONTAL
17734410H1,HORIZONTAL
17734411H1,HORIZONTAL
17734429H1,HORIZONTAL
17734428H1,HORIZONTAL
12334483H1,HORIZONTAL
17734001H1,HORIZONTAL
17734372H1,HORIZONTAL
17734675H1,HORIZONTAL
17734645H1,HORIZONTAL
17734646H1,HORIZONTAL
17734648H1,HORIZONTAL
17734686H1,HORIZONTAL
17734666H1,HORIZONTAL
17734687H1,HORIZONTAL
17734694H1,HORIZONTAL
17734697H1,HORIZONTAL
17734669H1,HORIZONTAL
17734672,UNKNOWN
17734656H1,HORIZONTAL
17734623H1,HORIZONTAL
17734702H1,HORIZONTAL
17734690H1,HORIZONTAL
17734691H1,HORIZONTAL
17734724H1,HORIZONTAL
17734607H1,HORIZONTAL
17734662H1,HORIZONTAL
17734693H1,HORIZONTAL
17734650H1,HORIZONTAL
17734663H1,HORIZONTAL
17734664H1,HORIZONTAL
17734628H1,HORIZONTAL
17734630H1,HORIZONTAL
17734653H1,HORIZONTAL
17734706H1,HORIZONTAL
17734695H1,HORIZONTAL
17734632H1,HORIZONTAL
17734634H1,HORIZONTAL
17734635H1,HORIZONTAL
17734722H1,HORIZONTAL
17734616H1,HORIZONTAL
17734784H1,HORIZONTAL
17734785H1,HORIZONTAL
17734793H1,HORIZONTAL
17734795H1,HORIZONTAL
17734644H1,HORIZONTAL
17734713H1,HORIZONTAL
17734715H1,HORIZONTAL
17734719H1,HORIZONTAL
17734720H1,HORIZONTAL
17734723,UNKNOWN
17734797,UNKNOWN
17734549H1,HORIZONTAL
17734740H1,HORIZONTAL
17734763H1,HORIZONTAL
17734741H1,HORIZONTAL
17734618,UNKNOWN
25538141H1,HORIZONTAL
12332664H1,HORIZONTAL
17734762,UNKNOWN
17734732H1,HORIZONTAL
17734734H1,HORIZONTAL
17734736H1,HORIZONTAL
17734737H1,HORIZONTAL
17734710H1,HORIZONTAL
17734772H1,HORIZONTAL
12332625H1,HORIZONTAL
17734744H1,HORIZONTAL
17733302H1,HORIZONTAL
17734743H1,HORIZONTAL
17734742H1,HORIZONTAL
17734745H1,HORIZONTAL
12332886H1,HORIZONTAL
17734798H1,HORIZONTAL
17734799H1,HORIZONTAL
17734800H1,HORIZONTAL
17734739H1,HORIZONTAL
17734738H1,HORIZONTAL
17734709H1,HORIZONTAL
17734770H1,HORIZONTAL
25538142H1,HORIZONTAL
17732594H1,HORIZONTAL
17734733H1,HORIZONTAL
17734735H1,HORIZONTAL
12332624H1,HORIZONTAL
17734769H1,HORIZONTAL
17731659,UNKNOWN
17734527H1,HORIZONTAL
17734581H1,HORIZONTAL
17734757H1,HORIZONTAL
17734711H1,HORIZONTAL
12333083H1,HORIZONTAL
17734802H1,HORIZONTAL
17734801H1,HORIZONTAL
17734756H1,HORIZONTAL
17730754,UNKNOWN
17730719,UNKNOWN
17734708H1,HORIZONTAL
17734753H1,HORIZONTAL
17734761H1,HORIZONTAL
17734754H1,HORIZONTAL
12335300H1,HORIZONTAL
17734748H1,HORIZONTAL
17734750H1,HORIZONTAL
12335356H1,HORIZONTAL
17731427,UNKNOWN
17734755H1,HORIZONTAL
17734747H1,HORIZONTAL
17734751H1,HORIZONTAL
17734821H1,HORIZONTAL
17731710,UNKNOWN
17731296,UNKNOWN
17734752H1,HORIZONTAL
17732352H1,HORIZONTAL
17733081H1,HORIZONTAL
17732625H1,HORIZONTAL
17734788H1,HORIZONTAL
17734786H1,HORIZONTAL
17734803H1,HORIZONTAL
17734804H1,HORIZONTAL
17734805H1,HORIZONTAL
17734808H1,HORIZONTAL
17734810H1,HORIZONTAL
17734811H1,HORIZONTAL
17734814H1,HORIZONTAL
17731334,UNKNOWN
17734746H1,HORIZONTAL
17734749H1,HORIZONTAL
17734787H1,HORIZONTAL
12335301H1,HORIZONTAL
12335510H1,HORIZONTAL
17734701H1,HORIZONTAL
17734816H1,HORIZONTAL
17734817H1,HORIZONTAL
17734818H1,HORIZONTAL
17732520H1,HORIZONTAL
12335505H1,HORIZONTAL
17734809H1,HORIZONTAL
17734812H1,HORIZONTAL
17734807H1,HORIZONTAL
17734813H1,HORIZONTAL
12335536H1,HORIZONTAL
17734775H1,HORIZONTAL
17734819H1,HORIZONTAL
17734820H1,HORIZONTAL
17733188H1,HORIZONTAL
17734806H1,HORIZONTAL
17734774H1,HORIZONTAL
17734815H1,HORIZONTAL
